Target_Population,Date,Item,Location,Status,Source,don_country,Quantity,Value,,,,,
IDP,2014-02-26,Hygene Kits,IQ-G11,Released,,,100,822,,,,,
IDP,2014-02-26,Hygene Kits,IQ-G05,Released,,,500,4110,,,,,
IDP,2014-02-26,Jerry Cans,IQ-G11,Released,,,100,190,,,,,
IDP,2014-02-26,Jerry Cans,IQ-G05,Released,,,500,950,,,,,
IDP,2014-02-26,Jerry Cans Kerosine,IQ-G11,Released,,,100,260,,,,,
IDP,2014-02-26,Jerry Cans Kerosine,IQ-G05,Released,,,500,1300,,,,,
IDP,2014-02-26,Kitchen Sets,IQ-G11,Released,,,100,1269,,,,,
IDP,2014-02-26,Kitchen Sets,IQ-G05,Released,,,500,6345,,,,,
IDP,2014-02-26,Mattress,IQ-G11,Released,,,1200,17520,,,,,
IDP,2014-02-26,Mattress,IQ-G05,Released,,,3000,43800,,,,,
IDP,2014-02-26,Plastic Sheeting 4x5m,IQ-G11,Released,,,100,1353,,,,,
IDP,2014-02-26,Plastic Sheeting 4x5m,IQ-G05,Released,,,500,6765,,,,,
IDP,2014-02-26,Quilt,IQ-G11,Released,,,600,5700,,,,,
IDP,2014-02-26,Quilt,IQ-G05,Released,,,3000,28500,,,,,
IDP,2014-02-26,Stoves,IQ-G11,Released,,,200,6400,,,,,
IDP,2014-02-26,Stoves,IQ-G05,Released,,,500,16000,,,,,
IDP,2014-02-27,Hygene Kits,IQ-G11,Released,,,100,822,,,,,
IDP,2014-02-27,Jerry Cans,IQ-G11,Released,,,100,190,,,,,
IDP,2014-02-27,Jerry Cans Kerosine,IQ-G11,Released,,,100,260,,,,,
IDP,2014-02-27,Kitchen Sets,IQ-G11,Released,,,100,1269,,,,,
IDP,2014-02-27,Plastic Sheeting 4x5m,IQ-G11,Released,,,100,1353,,,,,
IDP,2014-02-27,Quilt,IQ-G11,Released,,,600,5700,,,,,
IDP,2014-03-02,Mattress,IQ-G11,Released,,,600,8760,,,,,
IDP,2014-03-02,Stoves,IQ-G11,Released,,,100,3200,,,,,
IDP,2014-03-03,Hygene Kits,IQ-G11,Released,,,100,822,,,,,
IDP,2014-03-03,Jerry Cans,IQ-G11,Released,,,100,190,,,,,
IDP,2014-03-03,Jerry Cans Kerosine,IQ-G11,Released,,,100,260,,,,,
IDP,2014-03-03,Kitchen Sets,IQ-G11,Released,,,100,1269,,,,,
IDP,2014-03-03,Mattress,IQ-G11,Released,,,600,8760,,,,,
IDP,2014-03-03,Plastic Sheeting 4x5m,IQ-G11,Released,,,100,1353,,,,,
IDP,2014-03-03,Quilt,IQ-G11,Released,,,600,5700,,,,,
IDP,2014-03-03,Stoves,IQ-G11,Released,,,100,3200,,,,,
IDP,2014-03-04,Hygene Kits,IQ-G11,Released,,,100,822,,,,,
IDP,2014-03-04,Jerry Cans,IQ-G11,Released,,,100,190,,,,,
IDP,2014-03-04,Jerry Cans Kerosine,IQ-G11,Released,,,100,260,,,,,
IDP,2014-03-04,Kitchen Sets,IQ-G11,Released,,,100,1269,,,,,
IDP,2014-03-04,Mattress,IQ-G11,Released,,,600,8760,,,,,
IDP,2014-03-04,Plastic Sheeting 4x5m,IQ-G11,Released,,,100,1353,,,,,
IDP,2014-03-04,Quilt,IQ-G11,Released,,,600,5700,,,,,
IDP,2014-03-04,Stoves,IQ-G11,Released,,,100,3200,,,,,
IDP,2014-03-10,Hygene Kits,IQ-G11,Released,,,100,822,,,,,
IDP,2014-03-10,Jerry Cans,IQ-G11,Released,,,100,190,,,,,
IDP,2014-03-10,Jerry Cans Kerosine,IQ-G11,Released,,,100,260,,,,,
IDP,2014-03-10,Kitchen Sets,IQ-G11,Released,,,100,1269,,,,,
IDP,2014-03-10,Mattress,IQ-G11,Released,,,600,8760,,,,,
IDP,2014-03-10,Plastic Sheeting 4x5m,IQ-G11,Released,,,100,1353,,,,,
IDP,2014-03-10,Quilt,IQ-G11,Released,,,600,5700,,,,,
IDP,2014-03-10,Stoves,IQ-G11,Released,,,100,3200,,,,,
IDP,2014-03-13,Hygene Kits,IQ-G11,Released,,,100,822,,,,,
IDP,2014-03-13,Jerry Cans,IQ-G11,Released,,,100,190,,,,,
IDP,2014-03-13,Jerry Cans Kerosine,IQ-G11,Released,,,100,260,,,,,
IDP,2014-03-13,Kitchen Sets,IQ-G11,Released,,,100,1269,,,,,
IDP,2014-03-13,Mattress,IQ-G11,Released,,,600,8760,,,,,
IDP,2014-03-13,Plastic Sheeting 4x5m,IQ-G11,Released,,,100,1353,,,,,
IDP,2014-03-13,Quilt,IQ-G11,Released,,,600,5700,,,,,
IDP,2014-03-13,Stoves,IQ-G11,Released,,,100,3200,,,,,
IDP,2014-03-14,Hygene Kits,IQ-G11,Released,,,100,822,,,,,
IDP,2014-03-14,Jerry Cans,IQ-G11,Released,,,100,190,,,,,
IDP,2014-03-14,Jerry Cans Kerosine,IQ-G11,Released,,,100,260,,,,,
IDP,2014-03-14,Kitchen Sets,IQ-G11,Released,,,100,1269,,,,,
IDP,2014-03-14,Plastic Sheeting 4x5m,IQ-G11,Released,,,100,1353,,,,,
IDP,2014-03-14,Quilt,IQ-G11,Released,,,600,5700,,,,,
IDP,2014-03-16,Mattress,IQ-G11,Released,,,600,8760,,,,,
IDP,2014-03-16,Stoves,IQ-G11,Released,,,100,3200,,,,,
IDP,2014-03-17,Hygene Kits,IQ-G11,Released,,,100,822,,,,,
IDP,2014-03-17,Jerry Cans,IQ-G11,Released,,,100,190,,,,,
IDP,2014-03-17,Jerry Cans Kerosine,IQ-G11,Released,,,100,260,,,,,
IDP,2014-03-17,Kitchen Sets,IQ-G11,Released,,,100,1269,,,,,
IDP,2014-03-17,Mattress,IQ-G11,Released,,,600,8760,,,,,
IDP,2014-03-17,Plastic Sheeting 4x5m,IQ-G11,Released,,,100,1353,,,,,
IDP,2014-03-17,Quilt,IQ-G11,Released,,,600,5700,,,,,
IDP,2014-03-17,Stoves,IQ-G11,Released,,,100,3200,,,,,
IDP,2014-03-18,Hygene Kits,IQ-G11,Released,,,100,822,,,,,
IDP,2014-03-18,Jerry Cans,IQ-G11,Released,,,100,190,,,,,
IDP,2014-03-18,Jerry Cans Kerosine,IQ-G11,Released,,,100,260,,,,,
IDP,2014-03-18,Kitchen Sets,IQ-G11,Released,,,100,1269,,,,,
IDP,2014-03-18,Plastic Sheeting 4x5m,IQ-G11,Released,,,100,1353,,,,,
IDP,2014-03-18,Quilt,IQ-G11,Released,,,600,5700,,,,,
IDP,2014-03-26,Mattress,IQ-G11,Released,,,600,8760,,,,,
IDP,2014-03-26,Stoves,IQ-G11,Released,,,100,3200,,,,,
IDP,2014-04-17,Hygene Kits,IQ-G01,Released,,,299,2457.78,,,,,
IDP,2014-04-17,Jerry Cans,IQ-G01,Released,,,299,568.1,,,,,
IDP,2014-04-17,Jerry Cans Kerosine,IQ-G01,Released,,,338,878.8,,,,,
IDP,2014-04-17,Kitchen Sets,IQ-G01,Released,,,39,494.91,,,,,
IDP,2014-04-17,Plastic Sheeting 4x5m,IQ-G01,Released,,,299,4045.47,,,,,
IDP,2014-04-17,Quilt,IQ-G01,Released,,,790,7505,,,,,
IDP,2014-05-13,Hygene Kits,IQ-G01,Released,,,150,1233,,,,,
IDP,2014-05-13,Hygene Kits,IQ-G18,Released,,,250,2055,,,,,
IDP,2014-05-13,Hygene Kits,IQ-G17,Released,,,30,246.6,,,,,
IDP,2014-05-13,Jerry Cans,IQ-G01,Released,,,150,285,,,,,
IDP,2014-05-13,Jerry Cans,IQ-G18,Released,,,250,475,,,,,
IDP,2014-05-13,Jerry Cans,IQ-G17,Released,,,30,57,,,,,
IDP,2014-05-13,Jerry Cans Kerosine,IQ-G01,Released,,,150,390,,,,,
IDP,2014-05-13,Jerry Cans Kerosine,IQ-G18,Released,,,250,650,,,,,
IDP,2014-05-13,Jerry Cans Kerosine,IQ-G17,Released,,,30,78,,,,,
IDP,2014-05-13,Kitchen Sets,IQ-G01,Released,,,150,1903.5,,,,,
IDP,2014-05-13,Kitchen Sets,IQ-G18,Released,,,250,3172.5,,,,,
IDP,2014-05-13,Kitchen Sets,IQ-G17,Released,,,30,380.7,,,,,
IDP,2014-05-13,Mattress,IQ-G17,Released,,,150,2190,,,,,
IDP,2014-05-13,Plastic Sheeting 4x5m,IQ-G01,Released,,,150,2029.5,,,,,
IDP,2014-05-13,Plastic Sheeting 4x5m,IQ-G18,Released,,,250,3382.5,,,,,
IDP,2014-05-13,Plastic Sheeting 4x5m,IQ-G17,Released,,,30,405.9,,,,,
IDP,2014-05-13,Quilt,IQ-G01,Released,,,900,8550,,,,,
IDP,2014-05-13,Quilt,IQ-G18,Released,,,1500,14250,,,,,
IDP,2014-05-13,Quilt,IQ-G17,Released,,,180,1710,,,,,
IDP,2014-05-19,Hygene Kits,IQ-G18,Released,,,300,2466,,,,,
IDP,2014-05-19,Jerry Cans,IQ-G18,Released,,,300,570,,,,,
IDP,2014-05-19,Jerry Cans Kerosine,IQ-G18,Released,,,300,780,,,,,
IDP,2014-05-19,Kitchen Sets,IQ-G18,Released,,,300,3807,,,,,
IDP,2014-05-19,Mattress,IQ-G18,Released,,,1800,26280,,,,,
IDP,2014-05-19,Plastic Sheeting 4x5m,IQ-G18,Released,,,300,4059,,,,,
IDP,2014-05-19,Quilt,IQ-G18,Released,,,1800,17100,,,,,
IDP,2014-05-27,Hygene Kits,IQ-G01,Released,,,150,1233,,,,,
IDP,2014-05-27,Jerry Cans,IQ-G01,Released,,,150,285,,,,,
IDP,2014-05-27,Jerry Cans Kerosine,IQ-G01,Released,,,150,390,,,,,
IDP,2014-05-27,Kitchen Sets,IQ-G01,Released,,,150,1903.5,,,,,
IDP,2014-05-27,Mattress,IQ-G01,Released,,,900,13140,,,,,
IDP,2014-05-27,Plastic Sheeting 4x5m,IQ-G01,Released,,,150,2029.5,,,,,
IDP,2014-05-27,Quilt,IQ-G01,Released,,,900,8550,,,,,
IDP,2014-06-11,Hygene Kits,IQ-G11,Released,,,400,3288,,,,,
IDP,2014-06-11,Jerry Cans,IQ-G11,Released,,,800,1520,,,,,
IDP,2014-06-11,Mattress,IQ-G11,Released,,,400,5840,,,,,
IDP,2014-06-11,Plastic Sheeting 4x5m,IQ-G11,Released,,,400,5412,,,,,
IDP,2014-06-11,Tents,IQ-G08,Released,,,1000,492500,,,,,
IDP,2014-06-12,Blankets,IQ-G11,Released,,,100,975,,,,,
IDP,2014-06-12,Hygene Kits,IQ-G11,Released,,,50,411,,,,,
IDP,2014-06-12,Jerry Cans,IQ-G11,Released,,,100,190,,,,,
IDP,2014-06-12,Mattress,IQ-G11,Released,,,100,1460,,,,,
IDP,2014-06-13,Blankets,IQ-G11,Released,,,400,3900,,,,,
IDP,2014-06-13,Hygene Kits,IQ-G11,Released,,,200,1644,,,,,
IDP,2014-06-13,Jerry Cans,IQ-G11,Released,,,400,760,,,,,
IDP,2014-06-13,Mattress,IQ-G11,Released,,,400,5840,,,,,
IDP,2014-06-13,Tents,IQ-G11,Released,,,50,24625,,,,,
IDP,2014-06-16,Blankets,IQ-G11,Released,,,400,3900,,,,,
IDP,2014-06-16,Hygene Kits,IQ-G11,Released,,,100,822,,,,,
IDP,2014-06-16,Mattress,IQ-G11,Released,,,400,5840,,,,,
IDP,2014-06-16,Tents,IQ-G11,Released,,,100,49250,,,,,
IDP,2014-06-17,Hygene Kits,IQ-G10,Released,,,100,822,,,,,
IDP,2014-06-17,Jerry Cans,IQ-G11,Released,,,100,190,,,,,
IDP,2014-06-17,Jerry Cans,IQ-G10,Released,,,100,190,,,,,
IDP,2014-06-17,Jerry Cans Kerosine,IQ-G10,Released,,,100,260,,,,,
IDP,2014-06-17,Kitchen Sets,IQ-G10,Released,,,100,1269,,,,,
IDP,2014-06-17,Mattress,IQ-G10,Released,,,600,8760,,,,,
IDP,2014-06-17,Plastic Sheeting 4x5m,IQ-G10,Released,,,100,1353,,,,,
IDP,2014-06-17,Quilt,IQ-G10,Released,,,600,5700,,,,,
IDP,2014-06-17,Tents,IQ-G11,Released,,,50,24625,,,,,
IDP,2014-06-17,Tents,IQ-G10,Released,,,100,49250,,,,,
IDP,2014-06-19,Blankets,IQ-G08,Released,,,4500,43875,,,,,
IDP,2014-06-19,Hygene Kits,IQ-G08,Released,,,900,7398,,,,,
IDP,2014-06-19,Jerry Cans,IQ-G08,Released,,,1800,3420,,,,,
IDP,2014-06-19,Kitchen Sets,IQ-G08,Released,,,220,2791.8,,,,,
IDP,2014-06-19,Mattress,IQ-G08,Released,,,4000,58400,,,,,
IDP,2014-06-19,Stoves,IQ-G08,Released,,,700,22400,,,,,
IDP,2014-06-19,Tents,IQ-G11,Released,,,150,73875,,,,,
IDP,2014-06-19,Tents,IQ-G08,Released,,,600,295500,,,,,
IDP,2014-06-22,Jerry Cans,IQ-G11,Released,,,2000,3800,,,,,
IDP,2014-06-22,Stoves,IQ-G11,Released,,,1000,32000,,,,,
IDP,2014-06-23,Blankets,IQ-G11,Released,,,5250,51187.5,,,,,
IDP,2014-06-23,Blankets,IQ-G08,Released,,,2500,24375,,,,,
IDP,2014-06-23,Hygene Kits,IQ-G11,Released,,,1050,8631,,,,,
IDP,2014-06-23,Hygene Kits,IQ-G08,Released,,,500,4110,,,,,
IDP,2014-06-23,Jerry Cans,IQ-G11,Released,,,100,190,,,,,
IDP,2014-06-23,Jerry Cans,IQ-G08,Released,,,1000,1900,,,,,
IDP,2014-06-23,Mattress,IQ-G11,Released,,,5250,76650,,,,,
IDP,2014-06-23,Mattress,IQ-G08,Released,,,2500,36500,,,,,
IDP,2014-06-23,Plastic Sheeting 4x5m,IQ-G11,Released,,,700,9471,,,,,
IDP,2014-06-23,Stoves,IQ-G11,Released,,,50,1600,,,,,
IDP,2014-06-23,Stoves,IQ-G08,Released,,,500,16000,,,,,
IDP,2014-06-23,Tents,IQ-G11,Released,,,700,344750,,,,,
IDP,2014-06-28,Hygene Kits,IQ-G11,Released,,,500,4110,,,,,
IDP,2014-06-28,Jerry Cans,IQ-G11,Released,,,500,950,,,,,
IDP,2014-06-28,Mattress,IQ-G11,Released,,,2500,36500,,,,,
IDP,2014-06-28,Plastic Sheeting 4x5m,IQ-G11,Released,,,500,6765,,,,,
IDP,2014-06-28,Quilt,IQ-G11,Released,,,2500,23750,,,,,
IDP,2014-06-30,Hygene Kits,IQ-G08,Released,,,700,5754,,,,,
IDP,2014-06-30,Hygene Kits,IQ-G13,Released,,,200,1644,,,,,
IDP,2014-06-30,Jerry Cans,IQ-G08,Released,,,700,1330,,,,,
IDP,2014-06-30,Jerry Cans,IQ-G13,Released,,,200,380,,,,,
IDP,2014-06-30,Mattress,IQ-G08,Released,,,3500,51100,,,,,
IDP,2014-06-30,Mattress,IQ-G13,Released,,,1200,17520,,,,,
IDP,2014-06-30,Plastic Sheeting 4x5m,IQ-G08,Released,,,700,9471,,,,,
IDP,2014-06-30,Plastic Sheeting 4x5m,IQ-G13,Released,,,200,2706,,,,,
IDP,2014-06-30,Quilt,IQ-G08,Released,,,3500,33250,,,,,
IDP,2014-06-30,Quilt,IQ-G13,Released,,,1200,11400,,,,,
IDP,2014-06-30,Stoves,IQ-G08,Released,,,700,22400,,,,,
IDP,2014-06-30,Stoves,IQ-G13,Released,,,200,6400,,,,,
IDP,2014-07-07,Hygene Kits,IQ-G11,Released,,,75,616.5,,,,,
IDP,2014-07-07,Mattress,IQ-G11,Released,,,375,5475,,,,,
IDP,2014-07-07,Stoves,IQ-G11,Released,,,75,2400,,,,,
IDP,2014-07-08,Hygene Kits,IQ-G11,Released,,,75,616.5,,,,,
IDP,2014-07-08,Mattress,IQ-G11,Released,,,375,5475,,,,,
IDP,2014-07-08,Stoves,IQ-G11,Released,,,75,2400,,,,,
IDP,2014-07-09,Hygene Kits,IQ-G11,Released,,,75,616.5,,,,,
IDP,2014-07-09,Jerry Cans,IQ-G11,Released,,,225,427.5,,,,,
IDP,2014-07-09,Mattress,IQ-G11,Released,,,375,5475,,,,,
IDP,2014-07-09,Quilt,IQ-G11,Released,,,1125,10687.5,,,,,
IDP,2014-07-09,Stoves,IQ-G11,Released,,,75,2400,,,,,
IDP,2014-07-10,Hygene Kits,IQ-G11,Released,,,175,1438.5,,,,,
IDP,2014-07-10,Jerry Cans,IQ-G11,Released,,,75,142.5,,,,,
IDP,2014-07-10,Mattress,IQ-G11,Released,,,875,12775,,,,,
IDP,2014-07-10,Quilt,IQ-G11,Released,,,875,8312.5,,,,,
IDP,2014-07-10,Stoves,IQ-G11,Released,,,75,2400,,,,,
IDP,2014-07-13,Blankets,IQ-G11,Released,,,725,7068.75,,,,,
IDP,2014-07-13,Hygene Kits,IQ-G11,Released,,,545,4479.9,,,,,
IDP,2014-07-13,Hygene Kits,IQ-G18,Released,,,22,180.84,,,,,
IDP,2014-07-13,Hygene Kits,IQ-G16,Released,,,17,139.74,,,,,
IDP,2014-07-13,Jerry Cans,IQ-G11,Released,,,145,275.5,,,,,
IDP,2014-07-13,Jerry Cans,IQ-G18,Released,,,22,41.8,,,,,
IDP,2014-07-13,Jerry Cans,IQ-G16,Released,,,17,32.3,,,,,
IDP,2014-07-13,Jerry Cans Kerosine,IQ-G18,Released,,,22,57.2,,,,,
IDP,2014-07-13,Jerry Cans Kerosine,IQ-G16,Released,,,17,44.2,,,,,
IDP,2014-07-13,Kitchen Sets,IQ-G18,Released,,,22,279.18,,,,,
IDP,2014-07-13,Kitchen Sets,IQ-G16,Released,,,17,215.73,,,,,
IDP,2014-07-13,Mattress,IQ-G11,Released,,,2725,39785,,,,,
IDP,2014-07-13,Mattress,IQ-G18,Released,,,132,1927.2,,,,,
IDP,2014-07-13,Mattress,IQ-G16,Released,,,102,1489.2,,,,,
IDP,2014-07-13,Plastic Sheeting 4x5m,IQ-G18,Released,,,22,297.66,,,,,
IDP,2014-07-13,Plastic Sheeting 4x5m,IQ-G16,Released,,,17,230.01,,,,,
IDP,2014-07-13,Quilt,IQ-G11,Released,,,2000,19000,,,,,
IDP,2014-07-13,Quilt,IQ-G18,Released,,,132,1254,,,,,
IDP,2014-07-13,Quilt,IQ-G16,Released,,,102,969,,,,,
IDP,2014-07-15,Hygene Kits,IQ-G13,Released,,,300,2466,,,,,
IDP,2014-07-15,Jerry Cans,IQ-G13,Released,,,300,570,,,,,
IDP,2014-07-15,Mattress,IQ-G13,Released,,,1800,26280,,,,,
IDP,2014-07-15,Plastic Sheeting 4x5m,IQ-G11,Released,,,125,1691.25,,,,,
IDP,2014-07-15,Plastic Sheeting 4x5m,IQ-G13,Released,,,300,4059,,,,,
IDP,2014-07-15,Quilt,IQ-G13,Released,,,1800,17100,,,,,
IDP,2014-07-15,Stoves,IQ-G13,Released,,,300,9600,,,,,
IDP,2014-07-17,Blankets,IQ-G08,Released,,,3180,31005,,,,,
IDP,2014-07-17,Hygene Kits,IQ-G08,Released,,,530,4356.6,,,,,
IDP,2014-07-17,Jerry Cans,IQ-G08,Released,,,530,1007,,,,,
IDP,2014-07-17,Jerry Cans Kerosine,IQ-G08,Released,,,530,1378,,,,,
IDP,2014-07-17,Mattress,IQ-G08,Released,,,3180,46428,,,,,
IDP,2014-07-17,Stoves,IQ-G08,Released,,,530,16960,,,,,
IDP,2014-07-21,Hygene Kits,IQ-G12,Released,,,433,3559.26,,,,,
IDP,2014-07-21,Jerry Cans,IQ-G12,Released,,,433,822.7,,,,,
IDP,2014-07-21,Jerry Cans Kerosine,IQ-G12,Released,,,433,1125.8,,,,,
IDP,2014-07-21,Kitchen Sets,IQ-G12,Released,,,433,5494.77,,,,,
IDP,2014-07-21,Mattress,IQ-G12,Released,,,2598,37930.8,,,,,
IDP,2014-07-21,Plastic Sheeting 4x5m,IQ-G12,Released,,,433,5858.49,,,,,
IDP,2014-07-21,Quilt,IQ-G12,Released,,,2598,24681,,,,,
IDP,2014-07-22,Blankets,IQ-G08,Released,,,2196,21411,,,,,
IDP,2014-07-22,Hygene Kits,IQ-G08,Released,,,366,3008.52,,,,,
IDP,2014-07-22,Hygene Kits,IQ-G07,Released,,,92,756.24,,,,,
IDP,2014-07-22,Jerry Cans,IQ-G08,Released,,,366,695.4,,,,,
IDP,2014-07-22,Jerry Cans,IQ-G07,Released,,,92,174.8,,,,,
IDP,2014-07-22,Jerry Cans Kerosine,IQ-G08,Released,,,366,951.6,,,,,
IDP,2014-07-22,Jerry Cans Kerosine,IQ-G07,Released,,,92,239.2,,,,,
IDP,2014-07-22,Kitchen Sets,IQ-G07,Released,,,92,1167.48,,,,,
IDP,2014-07-22,Mattress,IQ-G08,Released,,,2035,29711,,,,,
IDP,2014-07-22,Mattress,IQ-G07,Released,,,252,3679.2,,,,,
IDP,2014-07-22,Plastic Sheeting 4x5m,IQ-G07,Released,,,92,1244.76,,,,,
IDP,2014-07-22,Quilt,IQ-G07,Released,,,252,2394,,,,,
IDP,2014-07-22,Stoves,IQ-G08,Released,,,366,11712,,,,,
IDP,2014-07-23,Blankets,IQ-G08,Released,,,1962,19129.5,,,,,
IDP,2014-07-23,Blankets,IQ-G15,Released,,,1866,18193.5,,,,,
IDP,2014-07-23,Hygene Kits,IQ-G08,Released,,,327,2687.94,,,,,
IDP,2014-07-23,Hygene Kits,IQ-G07,Released,,,15,123.3,,,,,
IDP,2014-07-23,Hygene Kits,IQ-G17,Released,,,600,4932,,,,,
IDP,2014-07-23,Hygene Kits,IQ-G15,Released,,,311,2556.42,,,,,
IDP,2014-07-23,Hygene Kits,IQ-G06,Released,,,500,4110,,,,,
IDP,2014-07-23,Jerry Cans,IQ-G08,Released,,,327,621.3,,,,,
IDP,2014-07-23,Jerry Cans,IQ-G07,Released,,,15,28.5,,,,,
IDP,2014-07-23,Jerry Cans,IQ-G17,Released,,,600,1140,,,,,
IDP,2014-07-23,Jerry Cans,IQ-G15,Released,,,311,590.9,,,,,
IDP,2014-07-23,Jerry Cans,IQ-G06,Released,,,500,950,,,,,
IDP,2014-07-23,Jerry Cans Kerosine,IQ-G08,Released,,,327,850.2,,,,,
IDP,2014-07-23,Jerry Cans Kerosine,IQ-G07,Released,,,15,39,,,,,
IDP,2014-07-23,Jerry Cans Kerosine,IQ-G17,Released,,,600,1560,,,,,
IDP,2014-07-23,Jerry Cans Kerosine,IQ-G15,Released,,,311,808.6,,,,,
IDP,2014-07-23,Jerry Cans Kerosine,IQ-G06,Released,,,500,1300,,,,,
IDP,2014-07-23,Kitchen Sets,IQ-G07,Released,,,15,190.35,,,,,
IDP,2014-07-23,Kitchen Sets,IQ-G17,Released,,,600,7614,,,,,
IDP,2014-07-23,Kitchen Sets,IQ-G06,Released,,,500,6345,,,,,
IDP,2014-07-23,Mattress,IQ-G08,Released,,,1962,32274.9,,,,,
IDP,2014-07-23,Mattress,IQ-G07,Released,,,390,5694,,,,,
IDP,2014-07-23,Mattress,IQ-G17,Released,,,3600,52560,,,,,
IDP,2014-07-23,Mattress,IQ-G15,Released,,,1866,30695.7,,,,,
IDP,2014-07-23,Mattress,IQ-G06,Released,,,3000,43800,,,,,
IDP,2014-07-23,Plastic Sheeting 4x5m,IQ-G07,Released,,,15,202.95,,,,,
IDP,2014-07-23,Plastic Sheeting 4x5m,IQ-G17,Released,,,600,8118,,,,,
IDP,2014-07-23,Plastic Sheeting 4x5m,IQ-G15,Released,,,311,4207.83,,,,,
IDP,2014-07-23,Plastic Sheeting 4x5m,IQ-G06,Released,,,500,6765,,,,,
IDP,2014-07-23,Quilt,IQ-G07,Released,,,390,3705,,,,,
IDP,2014-07-23,Quilt,IQ-G17,Released,,,3600,34200,,,,,
IDP,2014-07-23,Quilt,IQ-G06,Released,,,3000,28500,,,,,
IDP,2014-07-23,Stoves,IQ-G08,Released,,,327,10464,,,,,
IDP,2014-07-23,Stoves,IQ-G15,Released,,,311,9952,,,,,
IDP,2014-07-24,Tents,IQ-G11,Released,,,100,49250,,,,,
IDP,2014-07-27,Hygene Kits,IQ-G07,Released,,,45,369.9,,,,,
IDP,2014-07-27,Hygene Kits,IQ-G02,Released,,,300,2466,,,,,
IDP,2014-07-27,Jerry Cans,IQ-G07,Released,,,45,85.5,,,,,
IDP,2014-07-27,Jerry Cans,IQ-G02,Released,,,300,570,,,,,
IDP,2014-07-27,Jerry Cans Kerosine,IQ-G07,Released,,,45,117,,,,,
IDP,2014-07-27,Jerry Cans Kerosine,IQ-G02,Released,,,300,780,,,,,
IDP,2014-07-27,Kitchen Sets,IQ-G07,Released,,,45,571.05,,,,,
IDP,2014-07-27,Kitchen Sets,IQ-G02,Released,,,300,3807,,,,,
IDP,2014-07-27,Mattress,IQ-G07,Released,,,270,3942,,,,,
IDP,2014-07-27,Mattress,IQ-G02,Released,,,1800,26280,,,,,
IDP,2014-07-27,Plastic Sheeting 4x5m,IQ-G07,Released,,,45,608.85,,,,,
IDP,2014-07-27,Plastic Sheeting 4x5m,IQ-G02,Released,,,300,4059,,,,,
IDP,2014-07-27,Quilt,IQ-G07,Released,,,270,2565,,,,,
IDP,2014-07-27,Quilt,IQ-G02,Released,,,1800,17100,,,,,
IDP,2014-07-27,Tents,IQ-G11,Released,,,100,49250,,,,,
IDP,2014-08-04,Blankets,IQ-G15,Released,,,2100,20475,,,,,
IDP,2014-08-04,Hygene Kits,IQ-G07,Released,,,38,312.36,,,,,
IDP,2014-08-04,Hygene Kits,IQ-G10,Released,,,700,5754,,,,,
IDP,2014-08-04,Hygene Kits,IQ-G15,Released,,,350,2877,,,,,
IDP,2014-08-04,Jerry Cans,IQ-G07,Released,,,38,72.2,,,,,
IDP,2014-08-04,Jerry Cans,IQ-G10,Released,,,700,1330,,,,,
IDP,2014-08-04,Jerry Cans,IQ-G15,Released,,,350,665,,,,,
IDP,2014-08-04,Jerry Cans Kerosine,IQ-G07,Released,,,38,98.8,,,,,
IDP,2014-08-04,Jerry Cans Kerosine,IQ-G10,Released,,,700,1820,,,,,
IDP,2014-08-04,Jerry Cans Kerosine,IQ-G15,Released,,,350,910,,,,,
IDP,2014-08-04,Kitchen Sets,IQ-G07,Released,,,38,482.22,,,,,
IDP,2014-08-04,Kitchen Sets,IQ-G10,Released,,,700,8883,,,,,
IDP,2014-08-04,Mattress,IQ-G07,Released,,,228,3328.8,,,,,
IDP,2014-08-04,Mattress,IQ-G10,Released,,,4200,61320,,,,,
IDP,2014-08-04,Mattress,IQ-G15,Released,,,2100,34545,,,,,
IDP,2014-08-04,Plastic Sheeting 4x5m,IQ-G07,Released,,,38,514.14,,,,,
IDP,2014-08-04,Plastic Sheeting 4x5m,IQ-G10,Released,,,700,9471,,,,,
IDP,2014-08-04,Plastic Sheeting 4x5m,IQ-G15,Released,,,350,4735.5,,,,,
IDP,2014-08-04,Quilt,IQ-G07,Released,,,228,2166,,,,,
IDP,2014-08-04,Quilt,IQ-G10,Released,,,4200,39900,,,,,
IDP,2014-08-04,Stoves,IQ-G15,Released,,,350,11200,,,,,
IDP,2014-08-05,Blankets,IQ-G08,Released,,,6000,58500,,,,,
IDP,2014-08-05,Hygene Kits,IQ-G08,Released,,,1000,8220,,,,,
IDP,2014-08-05,Jerry Cans,IQ-G08,Released,,,1000,1900,,,,,
IDP,2014-08-05,Jerry Cans Kerosine,IQ-G08,Released,,,1000,2600,,,,,
IDP,2014-08-05,Mattress,IQ-G08,Released,,,6000,98700,,,,,
IDP,2014-08-05,Plastic Sheeting 4x5m,IQ-G08,Released,,,1000,13530,,,,,
IDP,2014-08-05,Stoves,IQ-G08,Released,,,1000,32000,,,,,
IDP,2014-08-05,Tents,IQ-G08,Released,,,1000,492500,,,,,
IDP,2014-08-06,Blankets,IQ-G08,Released,,,9000,87750,,,,,
IDP,2014-08-06,Hygene Kits,IQ-G08,Released,,,1500,12330,,,,,
IDP,2014-08-06,Jerry Cans,IQ-G08,Released,,,1500,2850,,,,,
IDP,2014-08-06,Jerry Cans Kerosine,IQ-G08,Released,,,1500,3900,,,,,
IDP,2014-08-06,Mattress,IQ-G08,Released,,,5592,91988.4,,,,,
IDP,2014-08-06,Plastic Sheeting 4x5m,IQ-G08,Released,,,1500,20295,,,,,
IDP,2014-08-07,Hygene Kits,IQ-G07,Released,,,159,1306.98,,,,,
IDP,2014-08-07,Jerry Cans,IQ-G11,Released,,,700,1330,,,,,
IDP,2014-08-07,Jerry Cans Kerosine,IQ-G11,Released,,,700,1820,,,,,
IDP,2014-08-07,Jerry Cans Kerosine,IQ-G07,Released,,,159,413.4,,,,,
IDP,2014-08-07,Kitchen Sets,IQ-G11,Released,,,700,8883,,,,,
IDP,2014-08-07,Kitchen Sets,IQ-G07,Released,,,159,2017.71,,,,,
IDP,2014-08-07,Plastic Sheeting 4x5m,IQ-G11,Released,,,700,9471,,,,,
IDP,2014-08-07,Plastic Sheeting 4x5m,IQ-G07,Released,,,159,2151.27,,,,,
IDP,2014-08-07,Quilt,IQ-G11,Released,,,4200,39900,,,,,
IDP,2014-08-07,Quilt,IQ-G07,Released,,,954,9063,,,,,
IDP,2014-08-08,Jerry Cans,IQ-G11,Released,,,1200,2280,,,,,
IDP,2014-08-08,Jerry Cans Kerosine,IQ-G11,Released,,,1200,3120,,,,,
IDP,2014-08-08,Kitchen Sets,IQ-G11,Released,,,1200,15228,,,,,
IDP,2014-08-08,Mattress,IQ-G11,Released,,,2000,29200,,,,,
IDP,2014-08-08,Plastic Sheeting 4x5m,IQ-G11,Released,,,1200,16236,,,,,
IDP,2014-08-08,Quilt,IQ-G11,Released,,,7200,68400,,,,,
IDP,2014-08-09,Plastic Sheeting 4x5m,IQ-G11,Released,,,1000,13530,,,,,
IDP,2014-08-11,Hygene Kits,IQ-G11,Released,,,600,4932,,,,,
IDP,2014-08-11,Hygene Kits,IQ-G05,Released,,,1000,8220,,,,,
IDP,2014-08-11,Hygene Kits,IQ-G08,Released,,,1500,12330,,,,,
IDP,2014-08-11,Jerry Cans,IQ-G11,Released,,,600,1140,,,,,
IDP,2014-08-11,Jerry Cans,IQ-G05,Released,,,1000,1900,,,,,
IDP,2014-08-11,Jerry Cans,IQ-G08,Released,,,1500,2850,,,,,
IDP,2014-08-11,Mattress,IQ-G05,Released,,,3000,43800,,,,,
IDP,2014-08-11,Mattress,IQ-G08,Released,,,3965,57889,,,,,
IDP,2014-08-11,Plastic Sheeting 4x5m,IQ-G11,Released,,,600,8118,,,,,
IDP,2014-08-11,Plastic Sheeting 4x5m,IQ-G05,Released,,,1000,13530,,,,,
IDP,2014-08-11,Plastic Sheeting 4x5m,IQ-G08,Released,,,1500,20295,,,,,
IDP,2014-08-11,Quilt,IQ-G11,Released,,,3600,34200,,,,,
IDP,2014-08-11,Quilt,IQ-G05,Released,,,6000,57000,,,,,
IDP,2014-08-11,Quilt,IQ-G08,Released,,,9000,85500,,,,,
IDP,2014-08-11,Tents,IQ-G11,Released,,,200,98500,,,,,
IDP,2014-08-12,Hygene Kits,IQ-G08,Released,,,1500,12330,,,,,
IDP,2014-08-12,Hygene Kits,IQ-G17,Released,,,600,4932,,,,,
IDP,2014-08-12,Jerry Cans,IQ-G08,Released,,,1500,2850,,,,,
IDP,2014-08-12,Jerry Cans,IQ-G17,Released,,,600,1140,,,,,
IDP,2014-08-12,Jerry Cans Kerosine,IQ-G17,Released,,,600,1560,,,,,
IDP,2014-08-12,Kitchen Sets,IQ-G17,Released,,,600,7614,,,,,
IDP,2014-08-12,Mattress,IQ-G17,Released,,,2788,40704.8,,,,,
IDP,2014-08-12,Plastic Sheeting 4x5m,IQ-G08,Released,,,1500,20295,,,,,
IDP,2014-08-12,Plastic Sheeting 4x5m,IQ-G17,Released,,,600,8118,,,,,
IDP,2014-08-12,Quilt,IQ-G08,Released,,,9000,85500,,,,,
IDP,2014-08-12,Quilt,IQ-G17,Released,,,3600,34200,,,,,
IDP,2014-08-12,Tents,IQ-G08,Released,,,500,246250,,,,,
IDP,2014-08-13,Hygene Kits,IQ-G08,Released,,,1000,8220,,,,,
IDP,2014-08-13,Hygene Kits,IQ-G07,Released,,,168,1380.96,,,,,
IDP,2014-08-13,Jerry Cans,IQ-G05,Released,,,3000,5700,,,,,
IDP,2014-08-13,Jerry Cans,IQ-G08,Released,,,1000,1900,,,,,
IDP,2014-08-13,Jerry Cans,IQ-G07,Released,,,20,38,,,,,
IDP,2014-08-13,Jerry Cans Kerosine,IQ-G07,Released,,,168,436.8,,,,,
IDP,2014-08-13,Kitchen Sets,IQ-G07,Released,,,168,2131.92,,,,,
IDP,2014-08-13,Mattress,IQ-G08,Released,,,2000,29200,,,,,
IDP,2014-08-13,Mattress,IQ-G07,Released,,,120,1752,,,,,
IDP,2014-08-13,Plastic Sheeting 4x5m,IQ-G05,Released,,,3000,40590,,,,,
IDP,2014-08-13,Plastic Sheeting 4x5m,IQ-G08,Released,,,1000,13530,,,,,
IDP,2014-08-13,Plastic Sheeting 4x5m,IQ-G07,Released,,,168,2273.04,,,,,
IDP,2014-08-13,Quilt,IQ-G05,Released,,,5000,47500,,,,,
IDP,2014-08-13,Quilt,IQ-G08,Released,,,2000,19000,,,,,
IDP,2014-08-13,Quilt,IQ-G07,Released,,,1008,9576,,,,,
IDP,2014-08-13,Tents,IQ-G11,Released,,,400,197000,,,,,
IDP,2014-08-13,Tents,IQ-G05,Released,,,250,123125,,,,,
IDP,2014-08-14,Hygene Kits,IQ-G08,Released,,,1000,8220,,,,,
IDP,2014-08-14,Hygene Kits,IQ-G17,Released,,,600,4932,,,,,
IDP,2014-08-14,Jerry Cans,IQ-G08,Released,,,3500,6650,,,,,
IDP,2014-08-14,Jerry Cans,IQ-G17,Released,,,288,547.2,,,,,
IDP,2014-08-14,Jerry Cans Kerosine,IQ-G17,Released,,,600,1560,,,,,
IDP,2014-08-14,Kitchen Sets,IQ-G17,Released,,,600,7614,,,,,
IDP,2014-08-14,Mattress,IQ-G17,Released,,,3600,52560,,,,,
IDP,2014-08-14,Plastic Sheeting 4x5m,IQ-G08,Released,,,1000,13530,,,,,
IDP,2014-08-14,Plastic Sheeting 4x5m,IQ-G17,Released,,,600,8118,,,,,
IDP,2014-08-14,Quilt,IQ-G08,Released,,,7000,66500,,,,,
IDP,2014-08-14,Quilt,IQ-G17,Released,,,3600,34200,,,,,
IDP,2014-08-14,Sleeping Mats,IQ-G08,Released,,,5000,7000,,,,,
IDP,2014-08-14,Tents,IQ-G08,Released,,,3000,1477500,,,,,
IDP,2014-08-17,Plastic Sheeting 4x5m,IQ-G08,Released,,,3000,40590,,,,,
IDP,2014-08-18,Hygene Kits,IQ-G08,Released,,,2000,16440,,,,,
IDP,2014-08-18,Jerry Cans,IQ-G08,Released,,,2000,3800,,,,,
IDP,2014-08-18,Mattress,IQ-G08,Released,,,5000,73000,,,,,
IDP,2014-08-18,Plastic Sheeting 4x5m,IQ-G08,Released,,,2000,27060,,,,,
IDP,2014-08-18,Quilt,IQ-G08,Released,,,4000,38000,,,,,
IDP,2014-08-19,Hygene Kits,IQ-G07,Released,,,106,871.32,,,,,
IDP,2014-08-19,Hygene Kits,IQ-G17,Released,,,81,665.82,,,,,
IDP,2014-08-19,Hygene Kits,IQ-G09,Released,,,500,4110,,,,,
IDP,2014-08-19,Jerry Cans Kerosine,IQ-G07,Released,,,106,275.6,,,,,
IDP,2014-08-19,Jerry Cans Kerosine,IQ-G17,Released,,,81,210.6,,,,,
IDP,2014-08-19,Jerry Cans Kerosine,IQ-G09,Released,,,500,1300,,,,,
IDP,2014-08-19,Kitchen Sets,IQ-G07,Released,,,106,1345.14,,,,,
IDP,2014-08-19,Kitchen Sets,IQ-G17,Released,,,81,1027.89,,,,,
IDP,2014-08-19,Kitchen Sets,IQ-G09,Released,,,500,6345,,,,,
IDP,2014-08-19,Mattress,IQ-G05,Released,,,4722,68941.2,,,,,
IDP,2014-08-19,Plastic Sheeting 4x5m,IQ-G07,Released,,,106,1434.18,,,,,
IDP,2014-08-19,Plastic Sheeting 4x5m,IQ-G17,Released,,,81,1095.93,,,,,
IDP,2014-08-19,Plastic Sheeting 4x5m,IQ-G09,Released,,,500,6765,,,,,
IDP,2014-08-19,Quilt,IQ-G07,Released,,,636,6042,,,,,
IDP,2014-08-19,Quilt,IQ-G17,Released,,,486,4617,,,,,
IDP,2014-08-19,Quilt,IQ-G09,Released,,,3000,28500,,,,,
IDP,2014-08-20,Mattress,IQ-G08,Released,,,2000,29200,,,,,
IDP,2014-08-20,Tents,IQ-G11,Released,,,100,49250,,,,,
IDP,2014-08-21,Hygene Kits,IQ-G11,Released,,,200,1644,,,,,
IDP,2014-08-21,Jerry Cans,IQ-G11,Released,,,200,380,,,,,
IDP,2014-08-21,Mattress,IQ-G11,Released,,,400,5840,,,,,
IDP,2014-08-21,Plastic Sheeting 4x5m,IQ-G11,Released,,,200,2706,,,,,
IDP,2014-08-21,Quilt,IQ-G11,Released,,,400,3800,,,,,
IDP,2014-08-24,Hygene Kits,IQ-G11,Released,,,200,1644,,,,,
IDP,2014-08-24,Hygene Kits,IQ-G08,Released,,,2000,16440,,,,,
IDP,2014-08-24,Hygene Kits,IQ-G07,Released,,,46,378.12,,,,,
IDP,2014-08-24,Hygene Kits,IQ-G17,Released,,,200,1644,,,,,
IDP,2014-08-24,Hygene Kits,IQ-G16,Released,,,104,854.88,,,,,
IDP,2014-08-24,Jerry Cans,IQ-G11,Released,,,200,380,,,,,
IDP,2014-08-24,Jerry Cans,IQ-G08,Released,,,2000,3800,,,,,
IDP,2014-08-24,Jerry Cans Kerosine,IQ-G08,Released,,,2000,5200,,,,,
IDP,2014-08-24,Jerry Cans Kerosine,IQ-G07,Released,,,46,119.6,,,,,
IDP,2014-08-24,Jerry Cans Kerosine,IQ-G17,Released,,,200,520,,,,,
IDP,2014-08-24,Jerry Cans Kerosine,IQ-G16,Released,,,104,270.4,,,,,
IDP,2014-08-24,Kitchen Sets,IQ-G08,Released,,,2000,25380,,,,,
IDP,2014-08-24,Kitchen Sets,IQ-G07,Released,,,46,583.74,,,,,
IDP,2014-08-24,Kitchen Sets,IQ-G17,Released,,,200,2538,,,,,
IDP,2014-08-24,Kitchen Sets,IQ-G16,Released,,,104,1319.76,,,,,
IDP,2014-08-24,Mattress,IQ-G11,Released,,,400,5840,,,,,
IDP,2014-08-24,Mattress,IQ-G08,Released,,,4500,65700,,,,,
IDP,2014-08-24,Plastic Sheeting 4x5m,IQ-G11,Released,,,200,2706,,,,,
IDP,2014-08-24,Plastic Sheeting 4x5m,IQ-G08,Released,,,2000,27060,,,,,
IDP,2014-08-24,Plastic Sheeting 4x5m,IQ-G07,Released,,,46,622.38,,,,,
IDP,2014-08-24,Plastic Sheeting 4x5m,IQ-G17,Released,,,200,2706,,,,,
IDP,2014-08-24,Plastic Sheeting 4x5m,IQ-G16,Released,,,104,1407.12,,,,,
IDP,2014-08-24,Quilt,IQ-G11,Released,,,400,3800,,,,,
IDP,2014-08-24,Quilt,IQ-G08,Released,,,12000,114000,,,,,
IDP,2014-08-24,Quilt,IQ-G07,Released,,,276,2622,,,,,
IDP,2014-08-24,Quilt,IQ-G17,Released,,,1200,11400,,,,,
IDP,2014-08-24,Quilt,IQ-G16,Released,,,624,5928,,,,,
IDP,2014-08-24,Sleeping Mats,IQ-G08,Released,,,7500,10500,,,,,
IDP,2014-08-25,Hygene Kits,IQ-G11,Released,,,410,3370.2,,,,,
IDP,2014-08-25,Hygene Kits,IQ-G08,Released,,,1000,8220,,,,,
IDP,2014-08-25,Hygene Kits,IQ-G07,Released,,,112,920.64,,,,,
IDP,2014-08-25,Hygene Kits,IQ-G17,Released,,,200,1644,,,,,
IDP,2014-08-25,Hygene Kits,IQ-G16,Released,,,103,846.66,,,,,
IDP,2014-08-25,Jerry Cans,IQ-G11,Released,,,378,718.2,,,,,
IDP,2014-08-25,Jerry Cans,IQ-G08,Released,,,1000,1900,,,,,
IDP,2014-08-25,Jerry Cans Kerosine,IQ-G08,Released,,,1000,2600,,,,,
IDP,2014-08-25,Jerry Cans Kerosine,IQ-G07,Released,,,112,291.2,,,,,
IDP,2014-08-25,Jerry Cans Kerosine,IQ-G17,Released,,,200,520,,,,,
IDP,2014-08-25,Jerry Cans Kerosine,IQ-G16,Released,,,103,267.8,,,,,
IDP,2014-08-25,Kitchen Sets,IQ-G11,Released,,,410,5202.9,,,,,
IDP,2014-08-25,Kitchen Sets,IQ-G08,Released,,,1000,12690,,,,,
IDP,2014-08-25,Kitchen Sets,IQ-G07,Released,,,112,1421.28,,,,,
IDP,2014-08-25,Kitchen Sets,IQ-G17,Released,,,200,2538,,,,,
IDP,2014-08-25,Kitchen Sets,IQ-G16,Released,,,103,1307.07,,,,,
IDP,2014-08-25,Mattress,IQ-G08,Released,,,2702,40655.4,,,,,
IDP,2014-08-25,Plastic Sheeting 4x5m,IQ-G11,Released,,,410,5547.3,,,,,
IDP,2014-08-25,Plastic Sheeting 4x5m,IQ-G08,Released,,,1000,13530,,,,,
IDP,2014-08-25,Plastic Sheeting 4x5m,IQ-G07,Released,,,112,1515.36,,,,,
IDP,2014-08-25,Plastic Sheeting 4x5m,IQ-G17,Released,,,200,2706,,,,,
IDP,2014-08-25,Plastic Sheeting 4x5m,IQ-G16,Released,,,103,1393.59,,,,,
IDP,2014-08-25,Quilt,IQ-G11,Released,,,2460,23370,,,,,
IDP,2014-08-25,Quilt,IQ-G08,Released,,,6000,57000,,,,,
IDP,2014-08-25,Quilt,IQ-G07,Released,,,672,6384,,,,,
IDP,2014-08-25,Quilt,IQ-G17,Released,,,1200,11400,,,,,
IDP,2014-08-25,Quilt,IQ-G16,Released,,,618,5871,,,,,
IDP,2014-08-25,Sleeping Mats,IQ-G08,Released,,,2500,3500,,,,,
IDP,2014-08-26,Hygene Kits,IQ-G11,Released,,,400,3288,,,,,
IDP,2014-08-26,Hygene Kits,IQ-G08,Released,,,300,2466,,,,,
IDP,2014-08-26,Hygene Kits,IQ-G07,Released,,,280,2301.6,,,,,
IDP,2014-08-26,Hygene Kits,IQ-G17,Released,,,200,1644,,,,,
IDP,2014-08-26,Jerry Cans Kerosine,IQ-G08,Released,,,300,780,,,,,
IDP,2014-08-26,Jerry Cans Kerosine,IQ-G07,Released,,,280,728,,,,,
IDP,2014-08-26,Jerry Cans Kerosine,IQ-G17,Released,,,200,520,,,,,
IDP,2014-08-26,Kitchen Sets,IQ-G11,Released,,,400,5076,,,,,
IDP,2014-08-26,Kitchen Sets,IQ-G08,Released,,,300,3807,,,,,
IDP,2014-08-26,Kitchen Sets,IQ-G07,Released,,,280,3553.2,,,,,
IDP,2014-08-26,Kitchen Sets,IQ-G17,Released,,,200,2538,,,,,
IDP,2014-08-26,Mattress,IQ-G08,Released,,,1631,26829.95,,,,,
IDP,2014-08-26,Plastic Sheeting 4x5m,IQ-G11,Released,,,400,5412,,,,,
IDP,2014-08-26,Plastic Sheeting 4x5m,IQ-G08,Released,,,300,4059,,,,,
IDP,2014-08-26,Plastic Sheeting 4x5m,IQ-G07,Released,,,280,3788.4,,,,,
IDP,2014-08-26,Plastic Sheeting 4x5m,IQ-G17,Released,,,200,2706,,,,,
IDP,2014-08-26,Quilt,IQ-G11,Released,,,2400,22800,,,,,
IDP,2014-08-26,Quilt,IQ-G07,Released,,,1680,15960,,,,,
IDP,2014-08-26,Quilt,IQ-G17,Released,,,1200,11400,,,,,
IDP,2014-08-27,Hygene Kits,IQ-G11,Released,,,400,3288,,,,,
IDP,2014-08-27,Hygene Kits,IQ-G08,Released,,,500,4110,,,,,
IDP,2014-08-27,Hygene Kits,IQ-G07,Released,,,15,123.3,,,,,
IDP,2014-08-27,Hygene Kits,IQ-G10,Released,,,400,3288,,,,,
IDP,2014-08-27,Hygene Kits,IQ-G02,Released,,,150,1233,,,,,
IDP,2014-08-27,Hygene Kits,IQ-G17,Released,,,200,1644,,,,,
IDP,2014-08-27,Hygene Kits,IQ-G14,Released,,,100,822,,,,,
IDP,2014-08-27,Jerry Cans Kerosine,IQ-G08,Released,,,500,1300,,,,,
IDP,2014-08-27,Jerry Cans Kerosine,IQ-G07,Released,,,15,39,,,,,
IDP,2014-08-27,Jerry Cans Kerosine,IQ-G10,Released,,,400,1040,,,,,
IDP,2014-08-27,Jerry Cans Kerosine,IQ-G02,Released,,,150,390,,,,,
IDP,2014-08-27,Jerry Cans Kerosine,IQ-G17,Released,,,200,520,,,,,
IDP,2014-08-27,Jerry Cans Kerosine,IQ-G14,Released,,,100,260,,,,,
IDP,2014-08-27,Kitchen Sets,IQ-G11,Released,,,400,5076,,,,,
IDP,2014-08-27,Kitchen Sets,IQ-G08,Released,,,500,6345,,,,,
IDP,2014-08-27,Kitchen Sets,IQ-G07,Released,,,15,190.35,,,,,
IDP,2014-08-27,Kitchen Sets,IQ-G10,Released,,,400,5076,,,,,
IDP,2014-08-27,Kitchen Sets,IQ-G02,Released,,,150,1903.5,,,,,
IDP,2014-08-27,Kitchen Sets,IQ-G17,Released,,,200,2538,,,,,
IDP,2014-08-27,Kitchen Sets,IQ-G14,Released,,,100,1269,,,,,
IDP,2014-08-27,Mattress,IQ-G08,Released,,,2829,42274.65,,,,,
IDP,2014-08-27,Plastic Sheeting 4x5m,IQ-G11,Released,,,400,5412,,,,,
IDP,2014-08-27,Plastic Sheeting 4x5m,IQ-G08,Released,,,500,6765,,,,,
IDP,2014-08-27,Plastic Sheeting 4x5m,IQ-G07,Released,,,15,202.95,,,,,
IDP,2014-08-27,Plastic Sheeting 4x5m,IQ-G10,Released,,,400,5412,,,,,
IDP,2014-08-27,Plastic Sheeting 4x5m,IQ-G02,Released,,,150,2029.5,,,,,
IDP,2014-08-27,Plastic Sheeting 4x5m,IQ-G17,Released,,,200,2706,,,,,
IDP,2014-08-27,Plastic Sheeting 4x5m,IQ-G14,Released,,,100,1353,,,,,
IDP,2014-08-27,Quilt,IQ-G11,Released,,,2400,22800,,,,,
IDP,2014-08-27,Quilt,IQ-G08,Released,,,3000,28500,,,,,
IDP,2014-08-27,Quilt,IQ-G07,Released,,,90,855,,,,,
IDP,2014-08-27,Quilt,IQ-G10,Released,,,2400,22800,,,,,
IDP,2014-08-27,Quilt,IQ-G02,Released,,,900,8550,,,,,
IDP,2014-08-27,Quilt,IQ-G17,Released,,,1200,11400,,,,,
IDP,2014-08-27,Quilt,IQ-G14,Released,,,600,5700,,,,,
IDP,2014-08-28,Hygene Kits,IQ-G11,Released,,,450,3699,,,,,
IDP,2014-08-28,Hygene Kits,IQ-G08,Released,,,400,3288,,,,,
IDP,2014-08-28,Hygene Kits,IQ-G07,Released,,,268,2202.96,,,,,
IDP,2014-08-28,Jerry Cans,IQ-G11,Released,,,1250,2375,,,,,
IDP,2014-08-28,Jerry Cans,IQ-G08,Released,,,500,950,,,,,
IDP,2014-08-28,Jerry Cans Kerosine,IQ-G07,Released,,,268,696.8,,,,,
IDP,2014-08-28,Kitchen Sets,IQ-G11,Released,,,450,5710.5,,,,,
IDP,2014-08-28,Kitchen Sets,IQ-G08,Released,,,400,5076,,,,,
IDP,2014-08-28,Kitchen Sets,IQ-G07,Released,,,268,3400.92,,,,,
IDP,2014-08-28,Mattress,IQ-G08,Released,,,2220,32412,,,,,
IDP,2014-08-28,Plastic Sheeting 4x5m,IQ-G11,Released,,,450,6088.5,,,,,
IDP,2014-08-28,Plastic Sheeting 4x5m,IQ-G08,Released,,,400,5412,,,,,
IDP,2014-08-28,Plastic Sheeting 4x5m,IQ-G07,Released,,,268,3626.04,,,,,
IDP,2014-08-28,Quilt,IQ-G11,Released,,,2700,25650,,,,,
IDP,2014-08-28,Quilt,IQ-G07,Released,,,1608,15276,,,,,
IDP,2014-08-31,Hygene Kits,,Pipeline,Local,,3,24.66,,,,,
IDP,2014-08-31,Hygene Kits,,Procured,Local,,29997,246600,,,,,
IDP,2014-08-31,Hygene Kits,IQ-G08,Released,,,1000,8220,,,,,
IDP,2014-08-31,Hygene Kits,IQ-G07,Released,,,87,715.14,,,,,
IDP,2014-08-31,Jerry Cans,IQ-G08,Released,,,1000,1900,,,,,
IDP,2014-08-31,Jerry Cans Kerosine,IQ-G08,Released,,,1000,2600,,,,,
IDP,2014-08-31,Jerry Cans Kerosine,IQ-G07,Released,,,87,226.2,,,,,
IDP,2014-08-31,Kitchen Sets,IQ-G08,Released,,,1000,12690,,,,,
IDP,2014-08-31,Kitchen Sets,IQ-G07,Released,,,87,1104.03,,,,,
IDP,2014-08-31,Mattress,IQ-G08,Released,,,6000,89450,,,,,
IDP,2014-08-31,Plastic Sheeting 4x5m,IQ-G08,Released,,,1000,13530,,,,,
IDP,2014-08-31,Plastic Sheeting 4x5m,IQ-G07,Released,,,87,1177.11,,,,,
IDP,2014-08-31,Quilt,IQ-G08,Released,,,6000,57000,,,,,
IDP,2014-08-31,Quilt,IQ-G07,Released,,,522,4959,,,,,
IDP,2014-09-01,Hygene Kits,IQ-G11,Released,,,400,3288,,,,,
IDP,2014-09-01,Hygene Kits,IQ-G08,Released,,,1000,8220,,,,,
IDP,2014-09-01,Hygene Kits,IQ-G07,Released,,,150,1233,,,,,
IDP,2014-09-01,Jerry Cans,IQ-G11,Released,,,400,760,,,,,
IDP,2014-09-01,Jerry Cans,IQ-G08,Released,,,1000,1900,,,,,
IDP,2014-09-01,Jerry Cans Kerosine,IQ-G08,Released,,,1000,2600,,,,,
IDP,2014-09-01,Jerry Cans Kerosine,IQ-G07,Released,,,150,390,,,,,
IDP,2014-09-01,Kitchen Sets,IQ-G11,Released,,,400,5076,,,,,
IDP,2014-09-01,Kitchen Sets,IQ-G08,Released,,,1000,12690,,,,,
IDP,2014-09-01,Kitchen Sets,IQ-G07,Released,,,150,1903.5,,,,,
IDP,2014-09-01,Mattress,IQ-G08,Released,,,5988,88682.8,,,,,
IDP,2014-09-01,Plastic Sheeting 4x5m,IQ-G11,Released,,,400,5412,,,,,
IDP,2014-09-01,Plastic Sheeting 4x5m,IQ-G08,Released,,,1000,13530,,,,,
IDP,2014-09-01,Plastic Sheeting 4x5m,IQ-G07,Released,,,150,2029.5,,,,,
IDP,2014-09-01,Quilt,IQ-G11,Released,,,2400,22800,,,,,
IDP,2014-09-01,Quilt,IQ-G08,Released,,,6000,57000,,,,,
IDP,2014-09-01,Quilt,IQ-G07,Released,,,900,8550,,,,,
IDP,2014-09-02,Hygene Kits,IQ-G08,Released,,,450,3699,,,,,
IDP,2014-09-02,Hygene Kits,IQ-G18,Released,,,223,1833.06,,,,,
IDP,2014-09-02,Jerry Cans,IQ-G08,Released,,,450,855,,,,,
IDP,2014-09-02,Jerry Cans Kerosine,IQ-G08,Released,,,450,1170,,,,,
IDP,2014-09-02,Jerry Cans Kerosine,IQ-G18,Released,,,223,579.8,,,,,
IDP,2014-09-02,Kitchen Sets,IQ-G08,Released,,,450,5710.5,,,,,
IDP,2014-09-02,Kitchen Sets,IQ-G18,Released,,,223,2829.87,,,,,
IDP,2014-09-02,Mattress,IQ-G08,Released,,,2652,41775.4,,,,,
IDP,2014-09-02,Plastic Sheeting 4x5m,IQ-G08,Released,,,450,6088.5,,,,,
IDP,2014-09-02,Plastic Sheeting 4x5m,IQ-G18,Released,,,223,3017.19,,,,,
IDP,2014-09-02,Quilt,IQ-G08,Released,,,4200,39900,,,,,
IDP,2014-09-02,Quilt,IQ-G18,Released,,,1338,12711,,,,,
IDP,2014-09-03,Hygene Kits,IQ-G11,Released,,,1300,10686,,,,,
IDP,2014-09-03,Hygene Kits,IQ-G08,Released,,,450,3699,,,,,
IDP,2014-09-03,Hygene Kits,IQ-G13,Released,,,480,3945.6,,,,,
IDP,2014-09-03,Hygene Kits,IQ-G18,Released,,,162,1331.64,,,,,
IDP,2014-09-03,Jerry Cans,IQ-G11,Released,,,1300,2470,,,,,
IDP,2014-09-03,Jerry Cans,IQ-G08,Released,,,450,855,,,,,
IDP,2014-09-03,Jerry Cans,IQ-G13,Released,,,480,912,,,,,
IDP,2014-09-03,Jerry Cans Kerosine,IQ-G08,Released,,,450,1170,,,,,
IDP,2014-09-03,Jerry Cans Kerosine,IQ-G13,Released,,,480,1248,,,,,
IDP,2014-09-03,Jerry Cans Kerosine,IQ-G18,Released,,,162,421.2,,,,,
IDP,2014-09-03,Kitchen Sets,IQ-G11,Released,,,1300,16497,,,,,
IDP,2014-09-03,Kitchen Sets,IQ-G08,Released,,,450,5710.5,,,,,
IDP,2014-09-03,Kitchen Sets,IQ-G13,Released,,,480,6091.2,,,,,
IDP,2014-09-03,Kitchen Sets,IQ-G18,Released,,,162,2055.78,,,,,
IDP,2014-09-03,Mattress,IQ-G08,Released,,,2700,41418,,,,,
IDP,2014-09-03,Mattress,IQ-G13,Released,,,2880,42048,,,,,
IDP,2014-09-03,Plastic Sheeting 4x5m,IQ-G11,Released,,,1300,17589,,,,,
IDP,2014-09-03,Plastic Sheeting 4x5m,IQ-G08,Released,,,450,6088.5,,,,,
IDP,2014-09-03,Plastic Sheeting 4x5m,IQ-G13,Released,,,480,6494.4,,,,,
IDP,2014-09-03,Plastic Sheeting 4x5m,IQ-G18,Released,,,162,2191.86,,,,,
IDP,2014-09-03,Quilt,IQ-G11,Released,,,7800,74100,,,,,
IDP,2014-09-03,Quilt,IQ-G08,Released,,,2700,25650,,,,,
IDP,2014-09-03,Quilt,IQ-G13,Released,,,2880,27360,,,,,
IDP,2014-09-03,Quilt,IQ-G18,Released,,,972,9234,,,,,
IDP,2014-09-04,Hygene Kits,IQ-G11,Released,,,400,3288,,,,,
IDP,2014-09-04,Jerry Cans,IQ-G11,Released,,,400,760,,,,,
IDP,2014-09-04,Kitchen Sets,IQ-G11,Released,,,400,5076,,,,,
IDP,2014-09-04,Plastic Sheeting 4x5m,IQ-G11,Released,,,400,5412,,,,,
IDP,2014-09-04,Quilt,IQ-G11,Released,,,2400,22800,,,,,
IDP,2014-09-10,Blankets,IQ-G08,Released,,,3016,40806.48,,,,,
IDP,2014-09-10,Hygene Kits,IQ-G08,Released,,,500,4110,,,,,
IDP,2014-09-10,Jerry Cans,IQ-G08,Released,,,500,950,,,,,
IDP,2014-09-10,Jerry Cans Kerosine,,Pipeline,Local,,50000,130000,,,,,
IDP,2014-09-10,Jerry Cans Kerosine,IQ-G08,Released,,,500,1300,,,,,
IDP,2014-09-10,Kitchen Sets,IQ-G08,Released,,,500,6345,,,,,
IDP,2014-09-10,Mattress,IQ-G08,Released,,,3016,44055.8,,,,,
IDP,2014-09-10,Plastic Sheeting 4x5m,IQ-G08,Released,,,500,6765,,,,,
IDP,2014-09-10,Tents,IQ-G05,Released,,,750,369375,,,,,
IDP,2014-09-20,Fans,,Pipeline,Local,,30000,630000,,,,,
IDP,2014-09-20,Mattress,,Pipeline,Local,,25560,420462,,,,,
IDP,2014-09-20,Mattress,,Procured,Local,,10440,592200,,,,,
IDP,2014-10-08,Tents,,Pipeline,Headquarters,,6000,2955000,,,,,
IDP,2014-10-31,Quilt,,Pipeline,Local,,50000,475000,,,,,
IDP,2014-11-02,Plastic Sheeting 4x5m,,Pipeline,Headquarters,,82500,1116225,,,,,
IDP,2014-11-10,Jerry Cans,,Pipeline,Headquarters,,37200,70680,,,,,
IDP,2014-11-10,Stoves,,Pipeline,Local,,35000,1120000,,,,,
IDP,2014-11-20,Fans,,Pipeline,Local,,22000,462000,,,,,
IDP,2014-12-15,Sleeping Mats,,Pipeline,Headquarters,,100000,140000,,,,,
IDP,,Blankets,,Pipeline,,,43255,434040.15,,,,,
IDP,,Jerry Cans,,Pipeline,,,25000,47500,,,,,
IDP,,Kitchen Sets,,Pipeline,,,9962,126417.78,,,,,
IDP,,Tents,,Pipeline,,,5977,2943672.5,,,,,
IDP,2014-04-09,Hygene Kits,IQ-G07,Released,,,45,369.9,,,,,
IDP,2014-04-09,Jerry Cans,IQ-G07,Released,,,45,85.5,,,,,
IDP,2014-04-09,Jerry Cans Kerosine,IQ-G07,Released,,,45,117,,,,,
IDP,2014-04-09,Kitchen Sets,IQ-G07,Released,,,45,571.05,,,,,
IDP,2014-04-09,Plastic Sheeting 4x5m,IQ-G07,Released,,,45,608.85,,,,,
IDP,2014-04-09,Quilt,IQ-G07,Released,,,270,2565,,,,,
IDP,2014-04-10,Hygene Kits,IQ-G10,Released,,,35,287.7,,,,,
IDP,2014-04-10,Jerry Cans,IQ-G10,Released,,,35,66.5,,,,,
IDP,2014-04-10,Jerry Cans Kerosine,IQ-G10,Released,,,35,91,,,,,
IDP,2014-04-10,Kitchen Sets,IQ-G10,Released,,,35,444.15,,,,,
IDP,2014-04-10,Mattress,IQ-G10,Released,,,210,3066,,,,,
IDP,2014-04-10,Plastic Sheeting 4x5m,IQ-G10,Released,,,35,473.55,,,,,
IDP,2014-04-10,Quilt,IQ-G10,Released,,,210,1995,,,,,
IDP,2014-04-13,Hygene Kits,IQ-G13,Released,,,50,411,,,,,
IDP,2014-04-13,Jerry Cans,IQ-G13,Released,,,50,95,,,,,
IDP,2014-04-13,Jerry Cans Kerosine,IQ-G13,Released,,,50,130,,,,,
IDP,2014-04-13,Kitchen Sets,IQ-G13,Released,,,50,634.5,,,,,
IDP,2014-04-13,Plastic Sheeting 4x5m,IQ-G13,Released,,,50,676.5,,,,,
IDP,2014-04-13,Quilt,IQ-G13,Released,,,300,2850,,,,,
IDP,2014-04-14,Tents,IQ-G01,Released,,,20,9850,,,,,
IDP,2014-04-20,Baby Diapers,IQ-G01,Released,,,42990,180558,,,,,
IDP,2014-04-24,Hygene Kits,IQ-G18,Released,,,100,822,,,,,
IDP,2014-04-24,Jerry Cans,IQ-G18,Released,,,100,190,,,,,
IDP,2014-04-24,Jerry Cans Kerosine,IQ-G18,Released,,,100,260,,,,,
IDP,2014-04-24,Kitchen Sets,IQ-G18,Released,,,100,1269,,,,,
IDP,2014-04-24,Plastic Sheeting 4x5m,IQ-G18,Released,,,100,1353,,,,,
IDP,2014-04-24,Quilt,IQ-G18,Released,,,600,5700,,,,,
IDP,2014-04-24,Tents,IQ-G01,Released,,,20,9850,,,,,
IDP,2014-04-28,Hygene Kits,IQ-G18,Released,,,200,1644,,,,,
IDP,2014-04-28,Jerry Cans,IQ-G18,Released,,,200,380,,,,,
IDP,2014-04-28,Jerry Cans Kerosine,IQ-G18,Released,,,200,520,,,,,
IDP,2014-04-28,Kitchen Sets,IQ-G18,Released,,,200,2538,,,,,
IDP,2014-04-28,Plastic Sheeting 4x5m,IQ-G18,Released,,,200,2706,,,,,
IDP,2014-04-28,Quilt,IQ-G18,Released,,,1200,11400,,,,,
IDP,2014-05-11,Hygene Kits,IQ-G02,Released,,,100,822,,,,,
IDP,2014-05-11,Jerry Cans,IQ-G02,Released,,,100,190,,,,,
IDP,2014-05-11,Jerry Cans Kerosine,IQ-G02,Released,,,100,260,,,,,
IDP,2014-05-11,Kitchen Sets,IQ-G02,Released,,,100,1269,,,,,
IDP,2014-05-11,Plastic Sheeting 4x5m,IQ-G02,Released,,,100,1353,,,,,
IDP,2014-05-11,Quilt,IQ-G02,Released,,,600,5700,,,,,
IDP,2014-05-18,Hygene Kits,IQ-G01,Released,,,300,2466,,,,,
IDP,2014-05-18,Hygene Kits,IQ-G18,Released,,,22,180.84,,,,,
IDP,2014-05-18,Jerry Cans,IQ-G01,Released,,,300,570,,,,,
IDP,2014-05-18,Jerry Cans,IQ-G18,Released,,,22,41.8,,,,,
IDP,2014-05-18,Jerry Cans Kerosine,IQ-G01,Released,,,300,780,,,,,
IDP,2014-05-18,Jerry Cans Kerosine,IQ-G18,Released,,,22,57.2,,,,,
IDP,2014-05-18,Kitchen Sets,IQ-G01,Released,,,300,3807,,,,,
IDP,2014-05-18,Kitchen Sets,IQ-G18,Released,,,22,279.18,,,,,
IDP,2014-05-18,Mattress,IQ-G01,Released,,,1800,26280,,,,,
IDP,2014-05-18,Mattress,IQ-G18,Released,,,132,1927.2,,,,,
IDP,2014-05-18,Plastic Sheeting 4x5m,IQ-G01,Released,,,300,4059,,,,,
IDP,2014-05-18,Plastic Sheeting 4x5m,IQ-G18,Released,,,22,297.66,,,,,
IDP,2014-05-18,Quilt,IQ-G01,Released,,,1800,17100,,,,,
IDP,2014-05-18,Quilt,IQ-G18,Released,,,132,1254,,,,,
IDP,2014-05-20,Hygene Kits,IQ-G13,Released,,,125,1027.5,,,,,
IDP,2014-05-20,Jerry Cans,IQ-G13,Released,,,125,237.5,,,,,
IDP,2014-05-20,Jerry Cans Kerosine,IQ-G13,Released,,,125,325,,,,,
IDP,2014-05-20,Kitchen Sets,IQ-G13,Released,,,125,1586.25,,,,,
IDP,2014-05-20,Mattress,IQ-G13,Released,,,750,10950,,,,,
IDP,2014-05-20,Plastic Sheeting 4x5m,IQ-G13,Released,,,125,1691.25,,,,,
IDP,2014-05-20,Quilt,IQ-G13,Released,,,750,7125,,,,,
IDP,2014-05-26,Hygene Kits,IQ-G15,Released,,,21,172.62,,,,,
IDP,2014-05-26,Jerry Cans,IQ-G15,Released,,,21,39.9,,,,,
IDP,2014-05-26,Jerry Cans Kerosine,IQ-G15,Released,,,21,54.6,,,,,
IDP,2014-05-26,Kitchen Sets,IQ-G15,Released,,,21,266.49,,,,,
IDP,2014-05-26,Mattress,IQ-G15,Released,,,126,1839.6,,,,,
IDP,2014-05-26,Plastic Sheeting 4x5m,IQ-G15,Released,,,21,284.13,,,,,
IDP,2014-05-26,Quilt,IQ-G15,Released,,,126,1197,,,,,
IDP,2014-06-25,Hygene Kits,IQ-G02,Released,,,200,1644,,,,,
IDP,2014-06-25,Hygene Kits,IQ-G17,Released,,,32,263.04,,,,,
IDP,2014-06-25,Jerry Cans,IQ-G02,Released,,,200,380,,,,,
IDP,2014-06-25,Jerry Cans,IQ-G17,Released,,,32,60.8,,,,,
IDP,2014-06-25,Jerry Cans Kerosine,IQ-G02,Released,,,200,520,,,,,
IDP,2014-06-25,Jerry Cans Kerosine,IQ-G17,Released,,,32,83.2,,,,,
IDP,2014-06-25,Kitchen Sets,IQ-G02,Released,,,200,2538,,,,,
IDP,2014-06-25,Kitchen Sets,IQ-G17,Released,,,32,406.08,,,,,
IDP,2014-06-25,Mattress,IQ-G02,Released,,,1200,17520,,,,,
IDP,2014-06-25,Mattress,IQ-G17,Released,,,192,2803.2,,,,,
IDP,2014-06-25,Plastic Sheeting 4x5m,IQ-G02,Released,,,200,2706,,,,,
IDP,2014-06-25,Plastic Sheeting 4x5m,IQ-G17,Released,,,32,432.96,,,,,
IDP,2014-06-25,Quilt,IQ-G02,Released,,,1200,11400,,,,,
IDP,2014-06-25,Quilt,IQ-G17,Released,,,192,1824,,,,,
IDP,2014-06-29,Hygene Kits,IQ-G17,Released,,,30,246.6,,,,,
IDP,2014-06-29,Jerry Cans,IQ-G17,Released,,,30,57,,,,,
IDP,2014-06-29,Jerry Cans Kerosine,IQ-G17,Released,,,30,78,,,,,
IDP,2014-06-29,Kitchen Sets,IQ-G17,Released,,,30,380.7,,,,,
IDP,2014-06-29,Mattress,IQ-G17,Released,,,180,2628,,,,,
IDP,2014-06-29,Plastic Sheeting 4x5m,IQ-G17,Released,,,30,405.9,,,,,
IDP,2014-06-29,Quilt,IQ-G17,Released,,,180,1710,,,,,
IDP,2014-07-01,Hygene Kits,IQ-G07,Released,,,160,1315.2,,,,,
IDP,2014-07-01,Hygene Kits,IQ-G02,Released,,,300,2466,,,,,
IDP,2014-07-01,Jerry Cans,IQ-G07,Released,,,160,304,,,,,
IDP,2014-07-01,Jerry Cans,IQ-G02,Released,,,300,570,,,,,
IDP,2014-07-01,Jerry Cans Kerosine,IQ-G07,Released,,,160,416,,,,,
IDP,2014-07-01,Jerry Cans Kerosine,IQ-G02,Released,,,300,780,,,,,
IDP,2014-07-01,Kitchen Sets,IQ-G07,Released,,,160,2030.4,,,,,
IDP,2014-07-01,Kitchen Sets,IQ-G02,Released,,,300,3807,,,,,
IDP,2014-07-01,Mattress,IQ-G07,Released,,,960,14016,,,,,
IDP,2014-07-01,Mattress,IQ-G02,Released,,,1800,26280,,,,,
IDP,2014-07-01,Plastic Sheeting 4x5m,IQ-G07,Released,,,160,2164.8,,,,,
IDP,2014-07-01,Plastic Sheeting 4x5m,IQ-G02,Released,,,300,4059,,,,,
IDP,2014-07-01,Quilt,IQ-G07,Released,,,960,9120,,,,,
IDP,2014-07-01,Quilt,IQ-G02,Released,,,1800,17100,,,,,
IDP,2014-07-06,Hygene Kits,IQ-G10,Released,,,400,3288,,,,,
IDP,2014-07-06,Jerry Cans,IQ-G10,Released,,,400,760,,,,,
IDP,2014-07-06,Jerry Cans Kerosine,IQ-G10,Released,,,400,1040,,,,,
IDP,2014-07-06,Kitchen Sets,IQ-G10,Released,,,400,5076,,,,,
IDP,2014-07-06,Mattress,IQ-G10,Released,,,2400,35040,,,,,
IDP,2014-07-06,Plastic Sheeting 4x5m,IQ-G10,Released,,,400,5412,,,,,
IDP,2014-07-06,Quilt,IQ-G10,Released,,,2400,22800,,,,,
IDP,2014-07-16,Hygene Kits,IQ-G17,Released,,,300,2466,,,,,
IDP,2014-07-16,Jerry Cans,IQ-G17,Released,,,300,570,,,,,
IDP,2014-07-16,Jerry Cans Kerosine,IQ-G17,Released,,,300,780,,,,,
IDP,2014-07-16,Kitchen Sets,IQ-G17,Released,,,300,3807,,,,,
IDP,2014-07-16,Mattress,IQ-G17,Released,,,1800,26280,,,,,
IDP,2014-07-16,Plastic Sheeting 4x5m,IQ-G17,Released,,,300,4059,,,,,
IDP,2014-07-16,Quilt,IQ-G17,Released,,,1800,17100,,,,,
IDP,2014-07-20,Hygene Kits,IQ-G17,Released,,,500,4110,,,,,
IDP,2014-07-20,Jerry Cans,IQ-G17,Released,,,500,950,,,,,
IDP,2014-07-20,Jerry Cans Kerosine,IQ-G17,Released,,,500,1300,,,,,
IDP,2014-07-20,Kitchen Sets,IQ-G17,Released,,,500,6345,,,,,
IDP,2014-07-20,Mattress,IQ-G17,Released,,,3000,43800,,,,,
IDP,2014-07-20,Plastic Sheeting 4x5m,IQ-G17,Released,,,500,6765,,,,,
IDP,2014-07-20,Quilt,IQ-G17,Released,,,3000,28500,,,,,
IDP,2014-07-29,Hygene Kits,IQ-G07,Released,,,15,123.3,,,,,
IDP,2014-07-29,Jerry Cans,IQ-G07,Released,,,15,28.5,,,,,
IDP,2014-07-29,Jerry Cans Kerosine,IQ-G07,Released,,,15,39,,,,,
IDP,2014-07-29,Kitchen Sets,IQ-G07,Released,,,15,190.35,,,,,
IDP,2014-07-29,Mattress,IQ-G07,Released,,,90,1314,,,,,
IDP,2014-07-29,Plastic Sheeting 4x5m,IQ-G07,Released,,,15,202.95,,,,,
IDP,2014-07-29,Quilt,IQ-G07,Released,,,90,855,,,,,
IDP,2014-08-03,Hygene Kits,IQ-G16,Released,,,100,822,,,,,
IDP,2014-08-03,Jerry Cans,IQ-G16,Released,,,100,190,,,,,
IDP,2014-08-03,Jerry Cans Kerosine,IQ-G16,Released,,,100,260,,,,,
IDP,2014-08-03,Kitchen Sets,IQ-G16,Released,,,100,1269,,,,,
IDP,2014-08-03,Mattress,IQ-G16,Released,,,600,8760,,,,,
IDP,2014-08-03,Plastic Sheeting 4x5m,IQ-G16,Released,,,100,1353,,,,,
IDP,2014-08-03,Quilt,IQ-G16,Released,,,600,5700,,,,,
IDP,2014-08-10,Hygene Kits,IQ-G10,Released,,,150,1233,,,,,
IDP,2014-08-10,Jerry Cans Kerosine,IQ-G10,Released,,,150,390,,,,,
IDP,2014-08-10,Kitchen Sets,IQ-G10,Released,,,150,1903.5,,,,,
IDP,2014-08-10,Plastic Sheeting 4x5m,IQ-G10,Released,,,150,2029.5,,,,,
IDP,2014-08-10,Quilt,IQ-G10,Released,,,900,8550,,,,,
IDP,2014-08-15,Hygene Kits,IQ-G07,Released,,,76,624.72,,,,,
IDP,2014-08-15,Jerry Cans Kerosine,IQ-G07,Released,,,76,197.6,,,,,
IDP,2014-08-15,Kitchen Sets,IQ-G07,Released,,,76,964.44,,,,,
IDP,2014-08-15,Plastic Sheeting 4x5m,IQ-G07,Released,,,76,1028.28,,,,,
IDP,2014-08-15,Quilt,IQ-G07,Released,,,456,4332,,,,,
IDP,2014-08-22,Hygene Kits,IQ-G07,Released,,,95,780.9,,,,,
IDP,2014-08-22,Hygene Kits,IQ-G10,Released,,,500,4110,,,,,
IDP,2014-08-22,Hygene Kits,IQ-G17,Released,,,200,1644,,,,,
IDP,2014-08-22,Hygene Kits,IQ-G12,Released,,,290,2383.8,,,,,
IDP,2014-08-22,Jerry Cans Kerosine,IQ-G07,Released,,,95,247,,,,,
IDP,2014-08-22,Jerry Cans Kerosine,IQ-G10,Released,,,500,1300,,,,,
IDP,2014-08-22,Jerry Cans Kerosine,IQ-G17,Released,,,200,520,,,,,
IDP,2014-08-22,Jerry Cans Kerosine,IQ-G12,Released,,,290,754,,,,,
IDP,2014-08-22,Kitchen Sets,IQ-G07,Released,,,95,1205.55,,,,,
IDP,2014-08-22,Kitchen Sets,IQ-G10,Released,,,500,6345,,,,,
IDP,2014-08-22,Kitchen Sets,IQ-G17,Released,,,200,2538,,,,,
IDP,2014-08-22,Kitchen Sets,IQ-G12,Released,,,290,3680.1,,,,,
IDP,2014-08-22,Plastic Sheeting 4x5m,IQ-G07,Released,,,95,1285.35,,,,,
IDP,2014-08-22,Plastic Sheeting 4x5m,IQ-G10,Released,,,500,6765,,,,,
IDP,2014-08-22,Plastic Sheeting 4x5m,IQ-G17,Released,,,200,2706,,,,,
IDP,2014-08-22,Plastic Sheeting 4x5m,IQ-G12,Released,,,290,3923.7,,,,,
IDP,2014-08-22,Quilt,IQ-G07,Released,,,570,5415,,,,,
IDP,2014-08-22,Quilt,IQ-G10,Released,,,3000,28500,,,,,
IDP,2014-08-22,Quilt,IQ-G17,Released,,,1200,11400,,,,,
IDP,2014-08-22,Quilt,IQ-G12,Released,,,1740,16530,,,,,
IDP,2014-08-30,Hygene Kits,IQ-G07,Released,,,223,1833.06,,,,,
IDP,2014-08-30,Jerry Cans Kerosine,IQ-G07,Released,,,223,579.8,,,,,
IDP,2014-08-30,Kitchen Sets,IQ-G07,Released,,,223,2829.87,,,,,
IDP,2014-08-30,Plastic Sheeting 4x5m,IQ-G07,Released,,,223,3017.19,,,,,
IDP,2014-08-30,Quilt,IQ-G07,Released,,,1338,12711,,,,,
IDP,2014-09-07,Blankets,IQ-G11,Released,,,570,6827.58,,,,,
IDP,2014-09-07,Hygene Kits,IQ-G11,Released,,,495,4068.9,,,,,
IDP,2014-09-07,Hygene Kits,IQ-G08,Released,,,1139,9362.58,,,,,
IDP,2014-09-07,Jerry Cans,IQ-G11,Released,,,495,940.5,,,,,
IDP,2014-09-07,Jerry Cans,IQ-G08,Released,,,1139,2164.1,,,,,
IDP,2014-09-07,Jerry Cans Kerosine,IQ-G08,Released,,,1139,2961.4,,,,,
IDP,2014-09-07,Kitchen Sets,IQ-G11,Released,,,495,6281.55,,,,,
IDP,2014-09-07,Kitchen Sets,IQ-G08,Released,,,1139,14453.91,,,,,
IDP,2014-09-07,Mattress,IQ-G08,Released,,,6838,99834.8,,,,,
IDP,2014-09-07,Plastic Sheeting 4x5m,IQ-G11,Released,,,495,6697.35,,,,,
IDP,2014-09-07,Plastic Sheeting 4x5m,IQ-G08,Released,,,1139,15410.67,,,,,
IDP,2014-09-07,Quilt,IQ-G11,Released,,,2400,22800,,,,,
IDP,2014-09-07,Quilt,IQ-G08,Released,,,6838,64961,,,,,
IDP,2014-09-07,Stoves,IQ-G08,Released,,,5000,160000,,,,,
IDP,2014-09-08,Blankets,IQ-G08,Released,,,3220,43566.6,,,,,
IDP,2014-09-08,Hygene Kits,IQ-G08,Released,,,536,4405.92,,,,,
IDP,2014-09-08,Jerry Cans,IQ-G08,Released,,,536,1018.4,,,,,
IDP,2014-09-08,Jerry Cans Kerosine,IQ-G08,Released,,,536,1393.6,,,,,
IDP,2014-09-08,Kitchen Sets,IQ-G08,Released,,,536,6801.84,,,,,
IDP,2014-09-08,Mattress,IQ-G08,Released,,,3220,47012,,,,,
IDP,2014-09-08,Plastic Sheeting 4x5m,IQ-G08,Released,,,536,7252.08,,,,,
IDP,2014-09-08,Quilt,IQ-G08,Released,,,546,5187,,,,,
IDP,2014-09-08,Tents,IQ-G05,Released,,,752,370360,,,,,
IDP,2014-09-09,Blankets,IQ-G11,Released,,,10800,146124,,,,,
IDP,2014-09-09,Blankets,IQ-G08,Released,,,3120,42213.6,,,,,
IDP,2014-09-09,Hygene Kits,IQ-G11,Released,,,1800,14796,,,,,
IDP,2014-09-09,Hygene Kits,IQ-G08,Released,,,520,4274.4,,,,,
IDP,2014-09-09,Jerry Cans,IQ-G11,Released,,,1800,3420,,,,,
IDP,2014-09-09,Jerry Cans,IQ-G08,Released,,,520,988,,,,,
IDP,2014-09-09,Jerry Cans Kerosine,IQ-G08,Released,,,520,1352,,,,,
IDP,2014-09-09,Kitchen Sets,IQ-G11,Released,,,1800,22842,,,,,
IDP,2014-09-09,Kitchen Sets,IQ-G08,Released,,,520,6598.8,,,,,
IDP,2014-09-09,Mattress,IQ-G08,Released,,,3120,45552,,,,,
IDP,2014-09-09,Plastic Sheeting 4x5m,IQ-G11,Released,,,1800,24354,,,,,
IDP,2014-09-09,Plastic Sheeting 4x5m,IQ-G08,Released,,,520,7035.6,,,,,
IDP,2014-09-09,Tents,IQ-G05,Released,,,750,369375,,,,,
IDP,2014-09-17,Hygene Kits,,Stock,,,12959,106522.98,,,,,
IDP,2014-09-17,Jerry Cans,,Stock,,,249,473.1,,,,,
IDP,2014-09-17,Mattress,,Stock,,,5658,96230.58,,,,,
IDP,2014-09-17,Plastic Sheeting 4x5m,,Stock,,,19810,268029.3,,,,,
IDP,2014-09-17,Tents,,Stock,,,8313,4094152.5,,,,,
IDP,2014-10-15,Mattress,,Pipeline,Local,,87302,1491991.18,,,,,
IDP,2014-10-15,Mattress,,Procured,Local,,12698,1709000,,,,,
IDP,2014-10-24,Tents,,Pipeline,Headquarters,,3000,1477500,,,,,
IDP,2014-10-14,Hygene Kits,,Pipeline,Local,,22000,180840,,,,,
IDP,2014-10-01,Quilt,,Pipeline,Local,,54000,513000,,,,,
Refugee,2014-03-26,Hygene Kits,IQ-G05,Released,,,100,822,,,,,
Refugee,2014-03-26,Jerry Cans,IQ-G05,Released,,,100,190,,,,,
Refugee,2014-03-26,Jerry Cans Kerosine,IQ-G05,Released,,,100,260,,,,,
Refugee,2014-03-26,Kitchen Sets,IQ-G05,Released,,,100,1269,,,,,
Refugee,2014-03-26,Mattress,IQ-G05,Released,,,200,2920,,,,,
Refugee,2014-03-26,Plastic Sheeting 4x5m,IQ-G05,Released,,,100,1353,,,,,
Refugee,2014-03-26,Quilt,IQ-G05,Released,,,500,4750,,,,,
Refugee,2014-03-27,Tents,IQ-G05,Released,,,600,295500,,,,,
Refugee,2014-03-29,Hygene Kits,IQ-G11,Released,,,25,205.5,,,,,
Refugee,2014-03-29,Hygene Kits,IQ-G08,Released,,,300,2466,,,,,
Refugee,2014-03-29,Jerry Cans,IQ-G11,Released,,,25,47.5,,,,,
Refugee,2014-03-29,Jerry Cans Kerosine,IQ-G11,Released,,,25,65,,,,,
Refugee,2014-03-29,Kitchen Sets,IQ-G11,Released,,,25,317.25,,,,,
Refugee,2014-03-29,Mattress,IQ-G11,Released,,,125,1825,,,,,
Refugee,2014-03-29,Plastic Sheeting 4x5m,IQ-G11,Released,,,25,338.25,,,,,
Refugee,2014-03-29,Quilt,IQ-G11,Released,,,125,1187.5,,,,,
Refugee,2014-03-29,Quilt,IQ-G08,Released,,,800,7600,,,,,
Refugee,2014-03-29,Stoves,IQ-G11,Released,,,25,800,,,,,
Refugee,2014-03-29,Stoves,IQ-G08,Released,,,200,6400,,,,,
Refugee,2014-03-29,Tents,IQ-G11,Released,,,25,12312.5,,,,,
Refugee,2014-03-31,Hygene Kits,IQ-G08,Released,,,1000,8220,,,,,
Refugee,2014-03-31,Jerry Cans,IQ-G08,Released,,,500,950,,,,,
Refugee,2014-03-31,Jerry Cans Kerosine,IQ-G08,Released,,,600,1560,,,,,
Refugee,2014-03-31,Kitchen Sets,IQ-G08,Released,,,750,9517.5,,,,,
Refugee,2014-03-31,Mattress,IQ-G08,Released,,,2000,29200,,,,,
Refugee,2014-04-01,Quilt,IQ-G08,Released,,,1600,15200,,,,,
Refugee,2014-04-01,Stoves,IQ-G08,Released,,,600,19200,,,,,
Refugee,2014-04-07,Hygene Kits,IQ-G11,Released,,,100,822,,,,,
Refugee,2014-04-07,Jerry Cans,IQ-G11,Released,,,100,190,,,,,
Refugee,2014-04-07,Jerry Cans Kerosine,IQ-G11,Released,,,100,260,,,,,
Refugee,2014-04-07,Kitchen Sets,IQ-G11,Released,,,250,3172.5,,,,,
Refugee,2014-04-07,Mattress,IQ-G11,Released,,,500,7300,,,,,
Refugee,2014-04-07,Plastic Sheeting 4x5m,IQ-G11,Released,,,100,1353,,,,,
Refugee,2014-04-07,Quilt,IQ-G11,Released,,,500,4750,,,,,
Refugee,2014-04-07,Stoves,IQ-G11,Released,,,100,3200,,,,,
Refugee,2014-04-07,Tents,IQ-G11,Released,,,100,49250,,,,,
Refugee,2014-04-08,Stoves,IQ-G05,Released,,,100,3200,,,,,
Refugee,2014-04-16,Hygene Kits,,Procured,Local,,7000,57540,,,,,
Refugee,2014-04-16,Mattress,IQ-G05,Released,,,300,4380,,,,,
Refugee,2014-04-17,Hygene Kits,IQ-G11,Released,,,200,1644,,,,,
Refugee,2014-04-17,Jerry Cans,IQ-G11,Released,,,200,380,,,,,
Refugee,2014-04-17,Jerry Cans Kerosine,IQ-G11,Released,,,200,520,,,,,
Refugee,2014-04-17,Kitchen Sets,IQ-G11,Released,,,200,2538,,,,,
Refugee,2014-04-17,Plastic Sheeting 4x5m,IQ-G11,Released,,,200,2706,,,,,
Refugee,2014-04-22,Mattress,IQ-G11,Released,,,1000,14600,,,,,
Refugee,2014-04-22,Quilt,IQ-G11,Released,,,1000,9500,,,,,
Refugee,2014-04-22,Stoves,IQ-G11,Released,,,200,6400,,,,,
Refugee,2014-05-13,Kitchen Sets,IQ-G11,Released,,,20,253.8,,,,,
Refugee,2014-05-19,Jerry Cans,IQ-G08,Released,,,9337,17740.3,,,,,
Refugee,2014-05-22,Kitchen Sets,IQ-G08,Released,,,300,3807,,,,,
Refugee,2014-05-22,Mattress,IQ-G08,Released,,,500,7300,,,,,
Refugee,2014-05-27,Hygene Kits,IQ-G11,Released,,,200,1644,,,,,
Refugee,2014-05-27,Jerry Cans,IQ-G11,Released,,,200,380,,,,,
Refugee,2014-05-27,Jerry Cans Kerosine,IQ-G11,Released,,,200,520,,,,,
Refugee,2014-05-27,Kitchen Sets,IQ-G11,Released,,,200,2538,,,,,
Refugee,2014-05-27,Mattress,IQ-G11,Released,,,1000,14600,,,,,
Refugee,2014-05-27,Plastic Sheeting 4x5m,IQ-G11,Released,,,200,2706,,,,,
Refugee,2014-05-27,Quilt,IQ-G11,Released,,,1000,9500,,,,,
Refugee,2014-05-27,Stoves,IQ-G11,Released,,,200,6400,,,,,
Refugee,2014-05-27,Tents,IQ-G08,Released,,,200,98500,,,,,
Refugee,2014-05-28,Mattress,,Procured,Donation,Netherlands,10010,164664.5,,,,,
Refugee,2014-05-28,Quilt,,Pipeline,Donation,Netherlands,2,19,,,,,
Refugee,2014-05-28,Quilt,,Procured,Donation,Netherlands,9998,95000,,,,,
Refugee,2014-05-29,Tents,IQ-G08,Released,,,100,49250,,,,,
Refugee,2014-06-05,Tents,IQ-G08,Released,,,200,98500,,,,,
Refugee,2014-06-09,Tents,IQ-G08,Released,,,125,61562.5,,,,,
Refugee,2014-06-16,Hygene Kits,IQ-G11,Released,,,80,657.6,,,,,
Refugee,2014-06-16,Hygene Kits,IQ-G08,Released,,,250,2055,,,,,
Refugee,2014-06-16,Jerry Cans,IQ-G11,Released,,,80,152,,,,,
Refugee,2014-06-16,Jerry Cans,IQ-G08,Released,,,6425,12207.5,,,,,
Refugee,2014-06-16,Jerry Cans Kerosine,IQ-G11,Released,,,80,208,,,,,
Refugee,2014-06-16,Jerry Cans Kerosine,IQ-G08,Released,,,250,650,,,,,
Refugee,2014-06-16,Kitchen Sets,IQ-G11,Released,,,80,1015.2,,,,,
Refugee,2014-06-16,Kitchen Sets,IQ-G08,Released,,,250,3172.5,,,,,
Refugee,2014-06-16,Mattress,IQ-G11,Released,,,500,7300,,,,,
Refugee,2014-06-16,Mattress,IQ-G08,Released,,,1250,18250,,,,,
Refugee,2014-06-16,Plastic Sheeting 4x5m,IQ-G11,Released,,,80,1082.4,,,,,
Refugee,2014-06-16,Plastic Sheeting 4x5m,IQ-G08,Released,,,250,3382.5,,,,,
Refugee,2014-06-16,Quilt,IQ-G11,Released,,,500,4750,,,,,
Refugee,2014-06-16,Quilt,IQ-G08,Released,,,1250,11875,,,,,
Refugee,2014-06-16,Stoves,IQ-G11,Released,,,80,2560,,,,,
Refugee,2014-06-16,Stoves,IQ-G08,Released,,,250,8000,,,,,
Refugee,2014-06-16,Tents,IQ-G11,Released,,,80,39400,,,,,
Refugee,2014-06-18,Tents,IQ-G08,Released,,,125,61562.5,,,,,
Refugee,2014-06-30,Hygene Kits,IQ-G08,Released,,,250,2055,,,,,
Refugee,2014-06-30,Jerry Cans,IQ-G08,Released,,,4250,8075,,,,,
Refugee,2014-06-30,Jerry Cans Kerosine,,Procured,Local,,3000,7800,,,,,
Refugee,2014-06-30,Mattress,IQ-G05,Released,,,2500,41125,,,,,
Refugee,2014-06-30,Mattress,IQ-G08,Released,,,1250,18250,,,,,
Refugee,2014-06-30,Plastic Sheeting 4x5m,IQ-G08,Released,,,250,3382.5,,,,,
Refugee,2014-06-30,Quilt,,Procured,Local,,18000,171000,,,,,
Refugee,2014-06-30,Quilt,IQ-G05,Released,,,2500,23750,,,,,
Refugee,2014-06-30,Quilt,IQ-G08,Released,,,1250,11875,,,,,
Refugee,2014-06-30,Stoves,IQ-G08,Released,,,250,8000,,,,,
Refugee,2014-06-30,Tents,IQ-G08,Released,,,200,98500,,,,,
Refugee,2014-07-13,Hygene Kits,IQ-G11,Released,,,150,1233,,,,,
Refugee,2014-07-13,Jerry Cans,IQ-G11,Released,,,150,285,,,,,
Refugee,2014-07-13,Jerry Cans Kerosine,IQ-G11,Released,,,150,390,,,,,
Refugee,2014-07-13,Mattress,IQ-G11,Released,,,750,10950,,,,,
Refugee,2014-07-13,Plastic Sheeting 4x5m,IQ-G11,Released,,,150,2029.5,,,,,
Refugee,2014-07-13,Quilt,IQ-G11,Released,,,750,7125,,,,,
Refugee,2014-07-13,Stoves,IQ-G11,Released,,,150,4800,,,,,
Refugee,2014-07-13,Tents,IQ-G11,Released,,,40,19700,,,,,
Refugee,2014-07-15,Baby Diapers,IQ-G08,Released,,,3316,13927.2,,,,,
Refugee,2014-07-15,Sanitary Napkins,IQ-G08,Released,,,1876,1013.04,,,,,
Refugee,2014-07-17,Hygene Kits,IQ-G11,Released,,,100,822,,,,,
Refugee,2014-07-17,Jerry Cans,IQ-G11,Released,,,100,190,,,,,
Refugee,2014-07-17,Jerry Cans Kerosine,IQ-G11,Released,,,100,260,,,,,
Refugee,2014-07-17,Mattress,IQ-G11,Released,,,500,7300,,,,,
Refugee,2014-07-17,Plastic Sheeting 4x5m,IQ-G11,Released,,,100,1353,,,,,
Refugee,2014-07-17,Quilt,IQ-G11,Released,,,500,4750,,,,,
Refugee,2014-07-17,Stoves,IQ-G11,Released,,,100,3200,,,,,
Refugee,2014-07-21,Blankets,IQ-G08,Released,,,2250,21937.5,,,,,
Refugee,2014-07-21,Hygene Kits,IQ-G08,Released,,,375,3082.5,,,,,
Refugee,2014-07-21,Jerry Cans,IQ-G08,Released,,,375,712.5,,,,,
Refugee,2014-07-21,Jerry Cans Kerosine,IQ-G08,Released,,,375,975,,,,,
Refugee,2014-07-21,Mattress,IQ-G08,Released,,,2250,32850,,,,,
Refugee,2014-07-21,Stoves,IQ-G08,Released,,,375,12000,,,,,
Refugee,2014-07-22,Hygene Kits,IQ-G11,Released,,,200,1644,,,,,
Refugee,2014-07-22,Jerry Cans,IQ-G11,Released,,,200,380,,,,,
Refugee,2014-07-22,Jerry Cans Kerosine,IQ-G11,Released,,,200,520,,,,,
Refugee,2014-07-22,Mattress,IQ-G11,Released,,,1000,14600,,,,,
Refugee,2014-07-22,Plastic Sheeting 4x5m,IQ-G11,Released,,,200,2706,,,,,
Refugee,2014-07-22,Quilt,IQ-G11,Released,,,1000,9500,,,,,
Refugee,2014-07-22,Stoves,IQ-G11,Released,,,200,6400,,,,,
Refugee,2014-08-31,Fans,,Procured,Local,,3000,63000,,,,,
Refugee,2014-08-31,Jerry Cans Kerosine,,Pipeline,Local,,3000,7800,,,,,
Refugee,2014-09-14,Stoves,,Pipeline,Local,,6000,192000,,,,,
Refugee,2014-10-31,Fans,,Pipeline,Local,,2567,53907,,,,,
Refugee,2014-10-31,Fans,,Procured,Local,,433,63000,,,,,
Refugee,2015-03-10,Mattress,,Pipeline,Donation,Netherlands,19983,328720.35,,,,,
Refugee,2015-03-10,Mattress,,Procured,Donation,Netherlands,20007,657835.5,,,,,
Refugee,2015-03-10,Quilt,,Pipeline,Donation,Netherlands,20004,190038,,,,,
Refugee,2015-03-10,Quilt,,Procured,Donation,Netherlands,19996,380000,,,,,
Refugee,,Jerry Cans,,Pipeline,,,6000,11400,,,,,
Refugee,,Kitchen Sets,,Pipeline,,,9026,114539.94,,,,,
Refugee,,Plastic Sheeting 4x5m,,Pipeline,,,6000,81180,,,,,
Refugee,,Tents,,Pipeline,,,11,5417.5,,,,,
Refugee,2014-04-10,Jerry Cans Kerosine,,Procured,Local,,7000,18200,,,,,
Refugee,2014-04-20,Quilt,,Procured,Local,,42000,399000,,,,,
Refugee,2014-09-08,Tents,IQ-G11,Released,,,1,492.5,,,,,
Refugee,2014-09-09,Hygene Kits,IQ-G05,Released,,,200,1644,,,,,
Refugee,2014-09-09,Jerry Cans,IQ-G05,Released,,,200,380,,,,,
Refugee,2014-09-09,Jerry Cans Kerosine,IQ-G05,Released,,,200,520,,,,,
Refugee,2014-09-09,Kitchen Sets,IQ-G05,Released,,,200,2538,,,,,
Refugee,2014-09-09,Mattress,IQ-G05,Released,,,1000,16450,,,,,
Refugee,2014-09-09,Plastic Sheeting 4x5m,IQ-G05,Released,,,200,2706,,,,,
Refugee,2014-09-09,Quilt,IQ-G05,Released,,,1000,9500,,,,,
Refugee,2014-09-09,Stoves,IQ-G05,Released,,,200,6400,,,,,
Refugee,2014-04-30,Baby Diapers,,Procured,Local,,43104,181036.8,,,,,
Refugee,2014-05-05,Fans,,Procured,Local,,7000,147000,,,,,
Refugee,2014-05-31,Hygene Kits,,Pipeline,Local,,15611,128322.42,,,,,
Refugee,2014-05-31,Hygene Kits,,Procured,Local,,4389,164400,,,,,
Refugee,2014-07-31,Hygene Kits,,Procured,Local,,6000,49320,,,,,
Refugee,2014-09-30,Quilt,,Pipeline,Local,,2616,24852,,,,,
Refugee,2014-09-30,Quilt,,Procured,Local,,18384,199500,,,,,
Refugee,2014-09-17,Baby Diapers,,Stock,,,4216,17707.2,,,,,
Refugee,2014-09-17,Fans,,Stock,,,399,8379,,,,,
Refugee,2014-09-17,Mattress,,Stock,,,8997,148000.65,,,,,
Refugee,2014-09-17,Quilt,,Stock,,,3660,34770,,,,,
Refugee,2014-09-17,Stoves,,Stock,,,511,16352,,,,,
Refugee,2014-09-17,Tents,,Stock,,,311,153167.5,,,,,
Refugee,2014-11-08,Plastic Sheeting 4x5m,,Pipeline,Headquarters,,3000,40590,,,,,
Refugee Contingency,2014-04-12,Hygene Kits,,Procured,Local,,5000,41100,,,,,
Refugee Contingency,2014-04-11,Baby Diapers,,Procured,Regional,,14000,58800,,,,,
Refugee Contingency,2014-04-11,Sanitary Napkins,,Procured,Regional,,10000,5400,,,,,
Refugee Contingency,2014-09-17,Plastic Sheeting 4x5m,,Stock,,,2535,34298.55,,,,,
